{ "name":"成都", "totalValue":76894, "totalItem":[100,12508,16.3,64386,83.7], "data":[{ "name":"A", "totalValue":406, "totalItem":[0.5,396,97.5,10,2.5], "data":[{ "name":"CAA", "totalValue":0, "totalItem":[], "data":[{ "name":"自動化設備", "totalValue":406, "item":[0.5,396,97.5,10,2.5]},{ "name":"ST產品處", "totalValue":95, "item":[0.1,85,89.5,10,10.5]},{ "name":"自動化機器人", "totalValue":33, "item":[0,33,100,0,0]}]}]},{ "name":"B", "totalValue":0, "totalItem":[], "data":[{ "name":"iDSBG", "totalValue":34364, "item":[44.7,4579,13.3,29785,86.7]}]},{ "name":"C", "totalValue":27850, "totalItem":[36.2,5862,21,21988,79], "data":[{ "name":"SHZBG", "totalValue":27850, "item":[36.2,5862,21,21988,79]},{ "name":"業成", "totalValue":13028, "item":[16.9,747,5.7,12281,94.3]}]},{ "name":"J", "totalValue":721, "totalItem":[0.9,648,89.9,73,10.1], "data":[{ "name":"成都周邊", "totalValue":721, "item":[0.9,648,89.9,73,10.1]},{ "name":"準時達", "totalValue":397, "item":[0.5,158,39.8,239,60.2]}]}]}