{
	"name": "鄭州",
	"totalValue": 293755,
	"totalItem": [
		100,
		25549,
		8.7,
		268206,
		91.3
	],
	"data": [
		{
			"name": "A",
			"totalValue": 210476,
			"totalItem": [
				71.7,
				6503,
				3.1,
				203973,
				96.9
			],
			"data": [
				{
					"name": "CAA",
					"totalValue": 0,
					"totalItem": [],
					"data": [
						{
							"name": "iDPBG",
							"totalValue": 210476,
							"item": [
								71.7,
								6503,
								3.1,
								203973,
								96.9
							]
						}, {
							"name": "iPEBG",
							"totalValue": 75139,
							"item": [
								25.6,
								14048,
								18.7,
								61091,
								81.3
							]
						}, {
							"name": "CAA周邊",
							"totalValue": 1266,
							"item": [
								0.4,
								789,
								62.3,
								477,
								37.7
							]
						}, {
							"name": "自動化設備",
							"totalValue": 445,
							"item": [
								0.2,
								419,
								94.2,
								26,
								5.8
							]
						}, {
							"name": "自動化機器人",
							"totalValue": 114,
							"item": [
								0,
								113,
								99.1,
								1,
								0.9
							]
						}, {
							"name": "ST產品處",
							"totalValue": 46,
							"item": [
								0,
								35,
								76.1,
								11,
								23.9
							]
						}
					]
				}
			]
		}, {
			"name": "C",
			"totalValue": 1103,
			"totalItem": [
				0.4,
				970,
				87.9,
				133,
				12.1
			],
			"data": [
				{
					"name": "SHZBG",
					"totalValue": 1103,
					"item": [
						0.4,
						970,
						87.9,
						133,
						12.1
					]
				}, {
					"name": "業成",
					"totalValue": 21,
					"item": [
						0,
						20,
						95.2,
						1,
						4.8
					]
				}
			]
		}, {
			"name": "D",
			"totalValue": 0,
			"totalItem": [],
			"data": [
				{
					"name": "New PCEBG",
					"totalValue": 101,
					"item": [
						0,
						42,
						41.6,
						59,
						58.4
					]
				}
			]
		}, {
			"name": "FG",
			"totalValue": 0,
			"totalItem": [],
			"data": [
				{
					"name": "CESBG",
					"totalValue": 73,
					"item": [
						0,
						34,
						46.6,
						39,
						53.4
					]
				}
			]
		}, {
			"name": "H",
			"totalValue": 0,
			"totalItem": [],
			"data": [
				{
					"name": "富連網",
					"totalValue": 324,
					"item": [
						0.1,
						318,
						98.1,
						6,
						1.9
					]
				}
			]
		}, {
			"name": "J",
			"totalValue": 1164,
			"totalItem": [
				0.4,
				1020,
				87.6,
				144,
				12.4
			],
			"data": [
				{
					"name": "鄭州周邊",
					"totalValue": 1164,
					"item": [
						0.4,
						1020,
						87.6,
						144,
						12.4
					]
				}, {
					"name": "準時達",
					"totalValue": 664,
					"item": [
						0.2,
						297,
						44.7,
						367,
						55.3
					]
				}
			]
		}, {
			"name": "L",
			"totalValue": 0,
			"totalItem": [],
			"data": [
				{
					"name": "FIT",
					"totalValue": 2819,
					"item": [
						1,
						941,
						33.4,
						1878,
						66.6
					]
				}
			]
		}
	]
}