{
	"time": "2018-01-18",
	"totalValue": 1099,
	"totalItem": [
		643,
		599,
		44,
		58,
		125,
		41,
		39,
		67,
		8,
		10,
		33,
		75,
		0.2
	],
	"data": [
		{
			"name": "華南",
			"totalValue": 340,
			"totalItem": [
				163,
				150,
				13,
				23,
				44,
				8,
				6,
				48,
				2,
				6,
				14,
				26,
				0
			],
			"data": [
				{
					"name": "深圳",
					"totalValue": 301,
					"totalItem": [
						159,
						148,
						11,
						23,
						42,
						8,
						0.9,
						28,
						2,
						6,
						6,
						26,
						0
					],
					"data": [
						{
							"name": "龍華",
							"totalValue": 157,
							"item": [
								53,
								43,
								10,
								23,
								34,
								6,
								0.9,
								27,
								2,
								5,
								6,
								0.3,
								0
							]
						}, {
							"name": "觀瀾",
							"totalValue": 122,
							"item": [
								105,
								105,
								0,
								0,
								8,
								0,
								0,
								1,
								0,
								0.5,
								0,
								7,
								0
							]
						}, {
							"name": "松崗",
							"totalValue": 19,
							"item": [
								0,
								0,
								0,
								0,
								0,
								0,
								0.01,
								0,
								0,
								0,
								0,
								19,
								0
							]
						}, {
							"name": "福田",
							"totalValue": 3,
							"item": [
								1,
								0,
								0.8,
								0.3,
								0,
								2,
								0,
								0,
								0,
								0,
								0,
								0,
								0
							]
						}
					]
				}, 
				{
					"name": "南寧",
					"totalValue": 21,
					"item": [
						0,
						0,
						0,
						0,
						0.1,
						0,
						1,
						20,
						0,
						0.2,
						0,
						0,
						0
					]
				}, {
					"name": "佛山",
					"totalValue": 12,
					"item": [
						0,
						0,
						0,
						0,
						0.1,
						0,
						4,
						0,
						0,
						0,
						8,
						0,
						0
					]
				}, {
					"name": "惠州",
					"totalValue": 4,
					"item": [
						2,
						2,
						0,
						0,
						2,
						0,
						0,
						0,
						0,
						0.1,
						0,
						0,
						0
					]
				}, {
					"name": "中山",
					"totalValue": 2,
					"item": [
						2,
						0,
						2,
						0,
						0,
						0,
						0,
						0,
						0,
						0,
						0,
						0,
						0
					]
				}, {
					"name": "東莞",
					"totalValue": 0.2,
					"item": [
						0,
						0,
						0,
						0,
						0,
						0,
						0,
						0.2,
						0,
						0,
						0,
						0,
						0
					]
				}, {
					"name": "增城",
					"totalValue": 0.1,
					"item": [
						0,
						0,
						0,
						0,
						0,
						0,
						0,
						0,
						0,
						0,
						0.1,
						0,
						0
					]
				}
			]
		}, {
			"name": "華北",
			"totalValue": 220,
			"totalItem": [
				150,
				133,
				17,
				0.3,
				14,
				0.02,
				29,
				11,
				0.1,
				0.4,
				0,
				15,
				0
			],
			"data": [
				{
					"name": "太原",
					"totalValue": 86,
					"item": [
						84,
						84,
						0,
						0,
						2,
						0,
						0.01,
						0,
						0,
						0.2,
						0,
						0,
						0
					]
				}, {
					"name": "廊坊",
					"totalValue": 38,
					"item": [
						38,
						25,
						13,
						0,
						0.3,
						0,
						0,
						0,
						0,
						0.03,
						0,
						0,
						0
					]
				}, {
					"name": "晉城",
					"totalValue": 33,
					"item": [
						23,
						23,
						0,
						0,
						10,
						0,
						0,
						0,
						0,
						0.01,
						0,
						0,
						0
					]
				}, {
					"name": "煙台",
					"totalValue": 32,
					"item": [
						1,
						0.6,
						0,
						0.3,
						1,
						0.02,
						29,
						0.01,
						0.1,
						0.06,
						0,
						0.01,
						0
					]
				}, {
					"name": "秦皇島",
					"totalValue": 14,
					"item": [
						0,
						0,
						0,
						0,
						0.07,
						0,
						0,
						0,
						0,
						0.01,
						0,
						14,
						0
					]
				}, {
					"name": "天津",
					"totalValue": 12,
					"item": [
						0.04,
						0.01,
						0.03,
						0,
						0.4,
						0,
						0,
						11,
						0,
						0.1,
						0,
						0.01,
						0
					]
				}, {
					"name": "北京",
					"totalValue": 4,
					"item": [
						4,
						0.4,
						4,
						0,
						0,
						0,
						0,
						0.01,
						0,
						0.01,
						0,
						0.1,
						0
					]
				}, {
					"name": "菏澤",
					"totalValue": 1,
					"item": [
						0,
						0,
						0,
						0,
						0,
						0,
						0,
						0,
						0,
						0,
						0,
						1,
						0
					]
				}
			]
		}, {
			"name": "華東",
			"totalValue": 79,
			"totalItem": [
				0.5,
				0.06,
				0.4,
				0.08,
				21,
				1,
				3,
				5,
				0,
				0.3,
				19,
				29,
				0.2
			],
			"data": [
				{
					"name": "昆山",
					"totalValue": 30,
					"item": [
						0.02,
						0.02,
						0,
						0.08,
						14,
						1,
						3,
						0.01,
						0,
						0.06,
						0,
						12,
						0.2
					]
				}, {
					"name": "淮安",
					"totalValue": 18,
					"item": [
						0,
						0,
						0,
						0,
						0.7,
						0,
						0,
						0,
						0,
						0.03,
						0,
						17,
						0
					]
				}, {
					"name": "寧波",
					"totalValue": 11,
					"item": [
						0,
						0,
						0,
						0,
						0,
						0,
						0,
						0,
						0,
						0,
						11,
						0,
						0
					]
				}, {
					"name": "上海",
					"totalValue": 6,
					"item": [
						0,
						0,
						0,
						0,
						0,
						0,
						0,
						4,
						0,
						0.1,
						2,
						0,
						0
					]
				}, {
					"name": "南京",
					"totalValue": 6,
					"item": [
						0,
						0,
						0.4,
						0,
						0,
						0,
						0,
						0,
						0,
						0.05,
						6,
						0,
						0
					]
				}, {
					"name": "嘉善",
					"totalValue": 6,
					"item": [
						0,
						0,
						0,
						0,
						6,
						0,
						0,
						0,
						0,
						0,
						0,
						0,
						0
					]
				}, {
					"name": "杭州",
					"totalValue": 0.9,
					"item": [
						0.05,
						0.04,
						0.01,
						0,
						0,
						0,
						0,
						0.8,
						0,
						0.01,
						0,
						0,
						0
					]
				}, {
					"name": "安慶",
					"totalValue": 0.5,
					"item": [
						0,
						0,
						0,
						0,
						0.5,
						0,
						0,
						0,
						0,
						0,
						0,
						0,
						0
					]
				}, {
					"name": "無錫",
					"totalValue": 0.2,
					"item": [
						0,
						0,
						0,
						0,
						0.2,
						0,
						0,
						0,
						0,
						0,
						0,
						0,
						0
					]
				}
			]
		}, {
			"name": "華中",
			"totalValue": 347,
			"totalItem": [
				315,
				315,
				0,
				0.04,
				5,
				16,
				0.03,
				0.07,
				6,
				2,
				0,
				3,
				0
			],
			"data": [
				{
					"name": "鄭州",
					"totalValue": 282,
					"item": [
						276,
						276,
						0,
						0,
						1,
						0.1,
						0,
						0.07,
						0.3,
						2,
						0,
						3,
						0
					]
				}, {
					"name": "濟源",
					"totalValue": 29,
					"item": [
						29,
						29,
						0,
						0,
						0.08,
						0,
						0,
						0,
						0,
						0,
						0,
						0,
						0
					]
				}, {
					"name": "武漢",
					"totalValue": 17,
					"item": [
						0.01,
						0.01,
						0,
						0,
						1,
						16,
						0,
						0,
						0,
						0.2,
						0,
						0,
						0
					]
				}, {
					"name": "衡陽",
					"totalValue": 9,
					"item": [
						0,
						0,
						0,
						0,
						3,
						0,
						0,
						0,
						6,
						0,
						0,
						0,
						0
					]
				}, {
					"name": "鶴壁",
					"totalValue": 6,
					"item": [
						6,
						6,
						0,
						0,
						0.1,
						0,
						0,
						0,
						0,
						0,
						0,
						0,
						0
					]
				}, {
					"name": "蘭考",
					"totalValue": 4,
					"item": [
						4,
						4,
						0,
						0,
						0.01,
						0,
						0,
						0,
						0,
						0,
						0,
						0,
						0
					]
				}, {
					"name": "濮陽",
					"totalValue": 0.1,
					"item": [
						0,
						0,
						0,
						0,
						0,
						0,
						0,
						0,
						0,
						0,
						0,
						0.1,
						0
					]
				}, {
					"name": "長沙",
					"totalValue": 0.09,
					"item": [
						0,
						0,
						0,
						0.04,
						0,
						0,
						0,
						0,
						0,
						0.05,
						0,
						0,
						0
					]
				}, {
					"name": "南陽",
					"totalValue": 0.03,
					"item": [
						0,
						0,
						0,
						0,
						0,
						0,
						0.03,
						0,
						0,
						0,
						0,
						0,
						0
					]
				}
			]
		}, {
			"name": "西南",
			"totalValue": 111,
			"totalItem": [
				15,
				0.5,
				14,
				34,
				41,
				16,
				1,
				2,
				0.05,
				1,
				0,
				0.8,
				0
			],
			"data": [
				{
					"name": "成都",
					"totalValue": 76,
					"item": [
						1,
						0.5,
						0,
						34,
						40,
						0,
						0,
						0,
						0,
						1,
						0,
						0,
						0
					]
				}, {
					"name": "重慶",
					"totalValue": 19,
					"item": [
						0.02,
						0.02,
						0,
						0,
						0.4,
						16,
						0,
						2,
						0,
						0.2,
						0,
						0.8,
						0
					]
				}, {
					"name": "貴陽",
					"totalValue": 16,
					"item": [
						14,
						0,
						14,
						0,
						0.3,
						0,
						1,
						0.2,
						0.05,
						0.06,
						0,
						0,
						0
					]
				}, {
					"name": "凱里",
					"totalValue": 0.2,
					"item": [
						0,
						0,
						0,
						0,
						0,
						0,
						0,
						0.2,
						0,
						0,
						0,
						0,
						0
					]
				}
			]
		}, {
			"name": "西北",
			"totalValue": 0.02,
			"totalItem": [],
			"data": [
				{
					"name": "西安",
					"totalValue": 0.02,
					"item": [
						0,
						0,
						0,
						0,
						0,
						0,
						0,
						0,
						0.02,
						0,
						0,
						0,
						0
					]
				}
			]
		}, {
			"name": "東北",
			"totalValue": 1,
			"totalItem": [],
			"data": [
				{
					"name": "營口",
					"totalValue": 1,
					"item": [
						0,
						0,
						0,
						0,
						0,
						0,
						0,
						0,
						0,
						0,
						0,
						1,
						0
					]
				}
			]
		}
	]
}