{
	"time": "2018-01-13",
	"totalValue": 1123,
	"totalItem": [
		667,
		621,
		46,
		58,
		126,
		41,
		39,
		67,
		8,
		10,
		32,
		75,
		0,
		0.2
	],
	"data": [
		{
			"name": "華南",
			"totalValue": 344,
			"totalItem": [
				167,
				154,
				13,
				24,
				44,
				8,
				6,
				48,
				2,
				6,
				13,
				26,
				0,
				0
			],
			"data": [
				{
					"name": "深圳",
					"totalValue": 306,
					"totalItem": [
						163,
						152,
						11,
						24,
						42,
						8,
						1,
						29,
						2,
						6,
						5,
						26,
						0,
						0
					],
					"data": [
						{
							"name": "龍華",
							"totalValue": 158,
							"item": [
								54,
								44,
								10,
								23,
								34,
								6,
								1,
								28,
								2,
								5,
								5,
								0.3,
								0,
								0
							]
						}, {
							"name": "觀瀾",
							"totalValue": 125,
							"item": [
								108,
								108,
								0,
								0,
								8,
								0,
								0,
								1,
								0,
								0.5,
								0,
								7,
								0,
								0
							]
						}, {
							"name": "松崗",
							"totalValue": 19,
							"item": [
								0,
								0,
								0,
								0,
								0,
								0,
								0.01,
								0,
								0,
								0,
								0,
								19,
								0,
								0
							]
						}, {
							"name": "福田",
							"totalValue": 4,
							"item": [
								1,
								0,
								0.9,
								0.5,
								0,
								2,
								0,
								0,
								0,
								0,
								0,
								0,
								0,
								0
							]
						}
					]
				}, {
					"name": "南寧",
					"totalValue": 20,
					"item": [
						0,
						0,
						0,
						0,
						0.1,
						0,
						1,
						19,
						0,
						0.2,
						0,
						0,
						0,
						0
					]
				}, {
					"name": "佛山",
					"totalValue": 12,
					"item": [
						0,
						0,
						0,
						0,
						0.1,
						0,
						4,
						0,
						0,
						0,
						8,
						0,
						0,
						0
					]
				}, {
					"name": "惠州",
					"totalValue": 4,
					"item": [
						2,
						2,
						0,
						0,
						2,
						0,
						0,
						0,
						0,
						0.1,
						0,
						0,
						0,
						0
					]
				}, {
					"name": "中山",
					"totalValue": 2,
					"item": [
						2,
						0,
						2,
						0,
						0,
						0,
						0,
						0,
						0,
						0,
						0,
						0,
						0,
						0
					]
				}, {
					"name": "東莞",
					"totalValue": 0.2,
					"item": [
						0,
						0,
						0,
						0,
						0,
						0,
						0,
						0.2,
						0,
						0,
						0,
						0,
						0,
						0
					]
				}, {
					"name": "增城",
					"totalValue": 0.1,
					"item": [
						0,
						0,
						0,
						0,
						0,
						0,
						0,
						0,
						0,
						0,
						0.1,
						0,
						0,
						0
					]
				}
			]
		}, {
			"name": "華北",
			"totalValue": 226,
			"totalItem": [
				156,
				138,
				18,
				0.3,
				14,
				0.02,
				29,
				11,
				0.1,
				0.4,
				0,
				15,
				0,
				0
			],
			"data": [
				{
					"name": "廊坊",
					"totalValue": 40,
					"item": [
						40,
						26,
						14,
						0,
						0.3,
						0,
						0,
						0,
						0,
						0.03,
						0,
						0,
						0,
						0
					]
				}, {
					"name": "天津",
					"totalValue": 12,
					"item": [
						0.04,
						0.01,
						0.03,
						0,
						0.4,
						0,
						0,
						11,
						0,
						0.1,
						0,
						0.01,
						0,
						0
					]
				}, {
					"name": "煙台",
					"totalValue": 32,
					"item": [
						1,
						0.6,
						0,
						0.3,
						1,
						0.02,
						29,
						0.01,
						0.1,
						0.06,
						0,
						0.01,
						0,
						0
					]
				}, {
					"name": "太原",
					"totalValue": 89,
					"item": [
						87,
						87,
						0,
						0,
						2,
						0,
						0.01,
						0,
						0,
						0.2,
						0,
						0,
						0,
						0
					]
				}, {
					"name": "晉城",
					"totalValue": 34,
					"item": [
						24,
						24,
						0,
						0,
						10,
						0,
						0,
						0,
						0,
						0.01,
						0,
						0,
						0,
						0
					]
				}, {
					"name": "秦皇島",
					"totalValue": 14,
					"item": [
						0,
						0,
						0,
						0,
						0.07,
						0,
						0,
						0,
						0,
						0.01,
						0,
						14,
						0,
						0
					]
				}, {
					"name": "北京",
					"totalValue": 4,
					"item": [
						4,
						0.4,
						4,
						0,
						0,
						0,
						0,
						0.01,
						0,
						0.01,
						0,
						0.1,
						0,
						0
					]
				}, {
					"name": "菏澤",
					"totalValue": 1,
					"item": [
						0,
						0,
						0,
						0,
						0,
						0,
						0,
						0,
						0,
						0,
						0,
						1,
						0,
						0
					]
				}
			]
		}, {
			"name": "華東",
			"totalValue": 79,
			"totalItem": [
				0.5,
				0.06,
				0.4,
				0.08,
				21,
				1,
				3,
				5,
				0,
				0.3,
				19,
				29,
				0,
				0.2
			],
			"data": [
				{
					"name": "昆山",
					"totalValue": 30,
					"item": [
						0.02,
						0.02,
						0,
						0.08,
						14,
						1,
						3,
						0.01,
						0,
						0.06,
						0,
						12,
						0,
						0.2
					]
				}, {
					"name": "淮安",
					"totalValue": 18,
					"item": [
						0,
						0,
						0,
						0,
						0.7,
						0,
						0,
						0,
						0,
						0.03,
						0,
						17,
						0,
						0
					]
				}, {
					"name": "寧波",
					"totalValue": 11,
					"item": [
						0,
						0,
						0,
						0,
						0,
						0,
						0,
						0,
						0,
						0,
						11,
						0,
						0,
						0
					]
				}, {
					"name": "嘉善",
					"totalValue": 6,
					"item": [
						0,
						0,
						0,
						0,
						6,
						0,
						0,
						0,
						0,
						0,
						0,
						0,
						0,
						0
					]
				}, {
					"name": "上海",
					"totalValue": 6,
					"item": [
						0,
						0,
						0,
						0,
						0,
						0,
						0,
						4,
						0,
						0.1,
						2,
						0,
						0,
						0
					]
				}, {
					"name": "杭州",
					"totalValue": 0.9,
					"item": [
						0.05,
						0.04,
						0.01,
						0,
						0,
						0,
						0,
						0.8,
						0,
						0.01,
						0,
						0,
						0,
						0
					]
				}, {
					"name": "南京",
					"totalValue": 6,
					"item": [
						0,
						0,
						0.4,
						0,
						0,
						0,
						0,
						0,
						0,
						0.05,
						6,
						0,
						0,
						0
					]
				}, {
					"name": "安慶",
					"totalValue": 0.5,
					"item": [
						0,
						0,
						0,
						0,
						0.5,
						0,
						0,
						0,
						0,
						0,
						0,
						0,
						0,
						0
					]
				}, {
					"name": "無錫",
					"totalValue": 0.2,
					"item": [
						0,
						0,
						0,
						0,
						0.2,
						0,
						0,
						0,
						0,
						0,
						0,
						0,
						0,
						0
					]
				}
			]
		}, {
			"name": "華中",
			"totalValue": 360,
			"totalItem": [
				328,
				328,
				0,
				0.04,
				5,
				16,
				0.04,
				0.07,
				6,
				2,
				0,
				3,
				0,
				0
			],
			"data": [
				{
					"name": "鄭州",
					"totalValue": 293,
					"item": [
						287,
						287,
						0,
						0,
						1,
						0.1,
						0,
						0.07,
						0.3,
						2,
						0,
						3,
						0,
						0
					]
				}, {
					"name": "武漢",
					"totalValue": 17,
					"item": [
						0.01,
						0.01,
						0,
						0,
						1,
						16,
						0,
						0,
						0,
						0.2,
						0,
						0,
						0,
						0
					]
				}, {
					"name": "濮陽",
					"totalValue": 0.1,
					"item": [
						0,
						0,
						0,
						0,
						0,
						0,
						0,
						0,
						0,
						0,
						0,
						0.1,
						0,
						0
					]
				}, {
					"name": "濟源",
					"totalValue": 31,
					"item": [
						31,
						31,
						0,
						0,
						0.08,
						0,
						0,
						0,
						0,
						0,
						0,
						0,
						0,
						0
					]
				}, {
					"name": "鶴壁",
					"totalValue": 6,
					"item": [
						6,
						6,
						0,
						0,
						0.1,
						0,
						0,
						0,
						0,
						0,
						0,
						0,
						0,
						0
					]
				}, {
					"name": "衡陽",
					"totalValue": 9,
					"item": [
						0,
						0,
						0,
						0,
						3,
						0,
						0,
						0,
						6,
						0,
						0,
						0,
						0,
						0
					]
				}, {
					"name": "南陽",
					"totalValue": 0.04,
					"item": [
						0,
						0,
						0,
						0,
						0,
						0,
						0.04,
						0,
						0,
						0,
						0,
						0,
						0,
						0
					]
				}, {
					"name": "長沙",
					"totalValue": 0.09,
					"item": [
						0,
						0,
						0,
						0.04,
						0,
						0,
						0,
						0,
						0,
						0.05,
						0,
						0,
						0,
						0
					]
				}, {
					"name": "蘭考",
					"totalValue": 4,
					"item": [
						4,
						4,
						0,
						0,
						0.01,
						0,
						0,
						0,
						0,
						0,
						0,
						0,
						0,
						0
					]
				}
			]
		}, {
			"name": "西南",
			"totalValue": 113,
			"totalItem": [
				16,
				0.5,
				15,
				34,
				42,
				16,
				1,
				2,
				0.05,
				1,
				0,
				0.9,
				0,
				0
			],
			"data": [
				{
					"name": "成都",
					"totalValue": 77,
					"item": [
						1,
						0.5,
						0,
						34,
						41,
						0,
						0,
						0,
						0,
						1,
						0,
						0,
						0,
						0
					]
				}, {
					"name": "重慶",
					"totalValue": 20,
					"item": [
						0.02,
						0.02,
						0,
						0,
						0.4,
						16,
						0,
						2,
						0,
						0.2,
						0,
						0.9,
						0,
						0
					]
				}, {
					"name": "貴陽",
					"totalValue": 17,
					"item": [
						15,
						0,
						15,
						0,
						0.3,
						0,
						1,
						0.2,
						0.05,
						0.2,
						0,
						0,
						0,
						0
					]
				}, {
					"name": "凱里",
					"totalValue": 0.2,
					"item": [
						0,
						0,
						0,
						0,
						0,
						0,
						0,
						0.2,
						0,
						0,
						0,
						0,
						0,
						0
					]
				}
			]
		}, {
			"name": "西北",
			"totalValue": 0.02,
			"totalItem": [],
			"data": [
				{
					"name": "西安",
					"totalValue": 0.02,
					"item": [
						0,
						0,
						0,
						0,
						0,
						0,
						0,
						0,
						0.02,
						0,
						0,
						0,
						0,
						0
					]
				}
			]
		}, {
			"name": "東北",
			"totalValue": 1,
			"totalItem": [],
			"data": [
				{
					"name": "營口",
					"totalValue": 1,
					"item": [
						0,
						0,
						0,
						0,
						0,
						0,
						0,
						0,
						0,
						0,
						0,
						1,
						0,
						0
					]
				}
			]
		}
	]
}
