[
	{
		"name": "上海",
		"value": 6.0
	}, {
		"name": "中山",
		"value": 2.0
	}, {
		"name": "佛山",
		"value": 12.0
	}, {
		"name": "凱里",
		"value": 0.1
	}, {
		"name": "北京",
		"value": 4.0
	}, {
		"name": "南京",
		"value": 6.0
	}, {
		"name": "南寧",
		"value": 19.0
	}, {
		"name": "南陽",
		"value": 0.03
	}, {
		"name": "嘉善",
		"value": 6.0
	}, {
		"name": "天津",
		"value": 11.0
	}, {
		"name": "太原",
		"value": 79.0
	}, {
		"name": "安慶",
		"value": 0.5
	}, {
		"name": "寧波",
		"value": 11.0
	}, {
		"name": "廊坊",
		"value": 32.0
	}, {
		"name": "廣州",
		"value": 0.2
	}, {
		"name": "惠州",
		"value": 2.0
	}, {
		"name": "成都",
		"value": 72.0
	}, {
		"name": "昆山",
		"value": 28.0
	}, {
		"name": "晉城",
		"value": 28.0
	}, {
		"name": "杭州",
		"value": 0.8
	}, {
		"name": "東莞",
		"value": 0.1
	}, {
		"name": "武漢",
		"value": 16.0
	}, {
		"name": "淮安",
		"value": 15.0
	}, {
		"name": "深圳",
		"value": 232.0
	}, {
		"name": "濟源",
		"value": 24.0
	}, {
		"name": "濮陽",
		"value": 0.1
	}, {
		"name": "無錫",
		"value": 0.2
	}, {
		"name": "煙台",
		"value": 33.0
	}, {
		"name": "營口",
		"value": 0.9
	}, {
		"name": "番禺",
		"value": 0.0
	}, {
		"name": "秦皇島",
		"value": 13.0
	}, {
		"name": "菏澤",
		"value": 1.0
	}, {
		"name": "蘭考",
		"value": 3.0
	}, {
		"name": "衡陽",
		"value": 8.0
	}, {
		"name": "西安",
		"value": 0.02
	}, {
		"name": "貴陽",
		"value": 15.0
	}, {
		"name": "鄭州",
		"value": 149.0
	}, {
		"name": "重慶",
		"value": 17.0
	}, {
		"name": "長沙",
		"value": 0.09
	}, {
		"name": "鶴壁",
		"value": 6.0
	}
]