{
	"time": "2018-03-12",
	"totalValue": 853,
	"totalItem": [
		436,
		360,
		76,
		54,
		109,
		37,
		40,
		60,
		8,
		9,
		32,
		68
	],
	"data": [
		{
			"name": "華南",
			"totalValue": 267,
			"totalItem": [
				114,
				88,
				26,
				19,
				36,
				7,
				5,
				41,
				2,
				5,
				14,
				22
			],
			"data": [
				{
					"name": "深圳",
					"totalValue": 232,
					"totalItem": [
						112,
						88,
						24,
						19,
						34,
						7,
						0.8,
						24,
						2,
						5,
						6,
						22
					],
					"sort": 232314,
					"data": [
						{
							"name": "龍華",
							"totalValue": 128,
							"item": [
								41,
								17,
								23,
								19,
								27,
								5,
								0.8,
								23,
								2,
								4,
								6,
								0.3
							]
						}, {
							"name": "觀瀾",
							"totalValue": 88,
							"item": [
								71,
								71,
								0.01,
								0,
								8,
								0,
								0,
								0.8,
								0,
								0.4,
								0,
								8
							]
						}, {
							"name": "松崗",
							"totalValue": 14,
							"item": [
								0,
								0,
								0,
								0,
								0,
								0,
								0.01,
								0,
								0,
								0,
								0,
								14
							]
						}, {
							"name": "福田",
							"totalValue": 3,
							"item": [
								0.9,
								0,
								0.9,
								0.3,
								0,
								2,
								0,
								0,
								0,
								0,
								0,
								0
							]
						}
					]
				}, {
					"name": "南寧",
					"totalValue": 19,
					"item": [
						0,
						0,
						0,
						0,
						0.1,
						0,
						1,
						18,
						0,
						0.2,
						0,
						0
					],
					"sort": 18821
				}, {
					"name": "佛山",
					"totalValue": 12,
					"item": [
						0,
						0,
						0,
						0,
						0.07,
						0,
						4,
						0,
						0,
						0,
						8,
						0
					],
					"sort": 11579
				}, {
					"name": "惠州",
					"totalValue": 2,
					"item": [
						0.4,
						0.4,
						0,
						0,
						2,
						0,
						0,
						0,
						0,
						0.1,
						0,
						0
					],
					"sort": 2278
				}, {
					"name": "中山",
					"totalValue": 2,
					"item": [
						2,
						0,
						2,
						0,
						0,
						0,
						0,
						0,
						0,
						0,
						0,
						0
					],
					"sort": 1866
				}, {
					"name": "廣州",
					"totalValue": 0.2,
					"item": [
						0,
						0,
						0,
						0,
						0,
						0,
						0,
						0,
						0,
						0,
						0.2,
						0
					],
					"sort": 179
				}, {
					"name": "東莞",
					"totalValue": 0.1,
					"item": [
						0,
						0,
						0,
						0,
						0,
						0,
						0,
						0.1,
						0,
						0,
						0,
						0
					],
					"sort": 140
				}, {
					"name": "番禺",
					"totalValue": 0,
					"item": [
						0,
						0,
						0,
						0,
						0,
						0,
						0,
						0.01,
						0,
						0,
						0,
						0
					],
					"sort": 1
				}
			]
		}, {
			"name": "華北",
			"totalValue": 201,
			"totalItem": [
				132,
				95,
				36,
				0.3,
				13,
				0.02,
				30,
				11,
				0.1,
				0.4,
				0,
				14
			],
			"data": [
				{
					"name": "太原",
					"totalValue": 79,
					"item": [
						76,
						76,
						0,
						0,
						2,
						0,
						0.01,
						0,
						0,
						0.2,
						0,
						0
					],
					"sort": 78768
				}, {
					"name": "煙台",
					"totalValue": 33,
					"item": [
						0.6,
						0.01,
						0.6,
						0.3,
						1,
						0.02,
						30,
						0.01,
						0.1,
						0.06,
						0,
						0.01
					],
					"sort": 32775
				}, {
					"name": "廊坊",
					"totalValue": 32,
					"item": [
						32,
						0,
						32,
						0,
						0.2,
						0,
						0,
						0,
						0,
						0.03,
						0,
						0
					],
					"sort": 32115
				}, {
					"name": "晉城",
					"totalValue": 28,
					"item": [
						19,
						19,
						0,
						0,
						10,
						0,
						0,
						0,
						0,
						0.01,
						0,
						0
					],
					"sort": 28286
				}, {
					"name": "秦皇島",
					"totalValue": 13,
					"item": [
						0,
						0,
						0,
						0,
						0.07,
						0,
						0,
						0,
						0,
						0.01,
						0,
						13
					],
					"sort": 12615
				}, {
					"name": "天津",
					"totalValue": 11,
					"item": [
						0.04,
						0,
						0.04,
						0,
						0.04,
						0,
						0,
						11,
						0,
						0.1,
						0,
						0.01
					],
					"sort": 11013
				}, {
					"name": "北京",
					"totalValue": 4,
					"item": [
						4,
						0,
						4,
						0,
						0.01,
						0,
						0,
						0.01,
						0,
						0.01,
						0,
						0.1
					],
					"sort": 4028
				}, {
					"name": "菏澤",
					"totalValue": 1,
					"item": [
						0,
						0,
						0,
						0,
						0,
						0,
						0,
						0,
						0,
						0,
						0,
						1
					],
					"sort": 1048
				}
			]
		}, {
			"name": "華東",
			"totalValue": 73,
			"totalItem": [
				0.4,
				0.02,
				0.4,
				0.09,
				19,
				1,
				3,
				5,
				0,
				0.3,
				18,
				27
			],
			"data": [
				{
					"name": "昆山",
					"totalValue": 28,
					"item": [
						0.02,
						0.02,
						0,
						0.09,
						11,
						1,
						3,
						0.01,
						0,
						0.06,
						0,
						13
					],
					"sort": 28219
				}, {
					"name": "淮安",
					"totalValue": 15,
					"item": [
						0,
						0,
						0,
						0,
						0.7,
						0,
						0,
						0,
						0,
						0.03,
						0,
						15
					],
					"sort": 15293
				}, {
					"name": "寧波",
					"totalValue": 11,
					"item": [
						0,
						0,
						0,
						0,
						0,
						0,
						0,
						0,
						0,
						0,
						11,
						0
					],
					"sort": 10594
				}, {
					"name": "南京",
					"totalValue": 6,
					"item": [
						0.4,
						0,
						0.4,
						0,
						0,
						0,
						0,
						0,
						0,
						0.05,
						6,
						0
					],
					"sort": 6043
				}, {
					"name": "嘉善",
					"totalValue": 6,
					"item": [
						0,
						0,
						0,
						0,
						6,
						0,
						0,
						0.01,
						0,
						0,
						0,
						0
					],
					"sort": 5910
				}, {
					"name": "上海",
					"totalValue": 6,
					"item": [
						0,
						0,
						0,
						0,
						0,
						0,
						0,
						4,
						0,
						0.1,
						2,
						0
					],
					"sort": 5889
				}, {
					"name": "杭州",
					"totalValue": 0.8,
					"item": [
						0.05,
						0,
						0.05,
						0.01,
						0.01,
						0,
						0,
						0.7,
						0,
						0.01,
						0,
						0
					],
					"sort": 809
				}, {
					"name": "安慶",
					"totalValue": 0.5,
					"item": [
						0,
						0,
						0,
						0,
						0.5,
						0,
						0,
						0,
						0,
						0,
						0,
						0
					],
					"sort": 474
				}, {
					"name": "無錫",
					"totalValue": 0.2,
					"item": [
						0,
						0,
						0,
						0,
						0.2,
						0,
						0,
						0,
						0,
						0,
						0,
						0
					],
					"sort": 191
				}
			]
		}, {
			"name": "華中",
			"totalValue": 207,
			"totalItem": [
				176,
				176,
				0,
				0.04,
				6,
				15,
				0.03,
				0.07,
				5,
				2,
				0,
				3
			],
			"data": [
				{
					"name": "鄭州",
					"totalValue": 149,
					"item": [
						143,
						143,
						0,
						0,
						1,
						0.09,
						0,
						0.07,
						0.4,
						2,
						0,
						3
					],
					"sort": 149343
				}, {
					"name": "濟源",
					"totalValue": 24,
					"item": [
						24,
						24,
						0,
						0,
						0.08,
						0,
						0,
						0,
						0,
						0,
						0,
						0
					],
					"sort": 23999
				}, {
					"name": "武漢",
					"totalValue": 16,
					"item": [
						0.02,
						0.02,
						0,
						0,
						1,
						15,
						0,
						0,
						0,
						0.2,
						0,
						0
					],
					"sort": 16157
				}, {
					"name": "衡陽",
					"totalValue": 8,
					"item": [
						0,
						0,
						0,
						0,
						3,
						0,
						0,
						0,
						5,
						0,
						0,
						0
					],
					"sort": 7783
				}, {
					"name": "鶴壁",
					"totalValue": 6,
					"item": [
						6,
						6,
						0,
						0,
						0.1,
						0,
						0,
						0,
						0,
						0,
						0,
						0
					],
					"sort": 5777
				}, {
					"name": "蘭考",
					"totalValue": 3,
					"item": [
						3,
						3,
						0,
						0,
						0.01,
						0,
						0,
						0,
						0,
						0,
						0,
						0
					],
					"sort": 3354
				}, {
					"name": "濮陽",
					"totalValue": 0.1,
					"item": [
						0,
						0,
						0,
						0,
						0,
						0,
						0,
						0,
						0,
						0,
						0,
						0.1
					],
					"sort": 100
				}, {
					"name": "長沙",
					"totalValue": 0.09,
					"item": [
						0,
						0,
						0,
						0.04,
						0,
						0,
						0,
						0,
						0,
						0.05,
						0,
						0
					],
					"sort": 88
				}, {
					"name": "南陽",
					"totalValue": 0.03,
					"item": [
						0,
						0,
						0,
						0,
						0,
						0,
						0.03,
						0,
						0,
						0,
						0,
						0
					],
					"sort": 25
				}
			]
		}, {
			"name": "西南",
			"totalValue": 104,
			"totalItem": [
				14,
				0.5,
				13,
				35,
				36,
				14,
				1,
				3,
				0.05,
				1,
				0,
				0.8
			],
			"data": [
				{
					"name": "成都",
					"totalValue": 72,
					"item": [
						0.5,
						0.5,
						0,
						35,
						35,
						0,
						0,
						0,
						0,
						1,
						0,
						0
					],
					"sort": 71508
				}, {
					"name": "重慶",
					"totalValue": 17,
					"item": [
						0.02,
						0.02,
						0,
						0,
						0.4,
						14,
						0,
						2,
						0,
						0.2,
						0,
						0.8
					],
					"sort": 17210
				}, {
					"name": "貴陽",
					"totalValue": 15,
					"item": [
						13,
						0,
						13,
						0,
						0.2,
						0,
						1,
						0.2,
						0.05,
						0.06,
						0,
						0
					],
					"sort": 15107
				}, {
					"name": "凱里",
					"totalValue": 0.1,
					"item": [
						0,
						0,
						0,
						0,
						0,
						0,
						0,
						0.1,
						0,
						0,
						0,
						0
					],
					"sort": 124
				}
			]
		}, {
			"name": "西北",
			"totalValue": 0.02,
			"totalItem": [],
			"data": [
				{
					"name": "西安",
					"totalValue": 0.02,
					"item": [
						0,
						0,
						0,
						0,
						0,
						0,
						0,
						0,
						0.02,
						0,
						0,
						0
					],
					"sort": 16
				}
			]
		}, {
			"name": "東北",
			"totalValue": 0.9,
			"totalItem": [],
			"data": [
				{
					"name": "營口",
					"totalValue": 0.9,
					"item": [
						0,
						0,
						0,
						0,
						0,
						0,
						0,
						0,
						0,
						0,
						0,
						0.9
					],
					"sort": 916
				}
			]
		}
	]
}