{
	"description": "项目配置文件。",
	"packOptions": {
		"ignore": []
	},
	"setting": {
		"urlCheck": false,
		"es6": true,
		"postcss": true,
		"minified": true,
		"newFeature": true,
		"checkInvalidKey": true
	},
	"compileType": "miniprogram",
	"libVersion": "1.9.98",
	"appid": "wxef767dad49c36d14",
	"projectname": "my-program-1",
	"isGameTourist": false,
	"simulatorType": "wechat",
	"simulatorPluginLibVersion": {},
	"condition": {
		"search": {
			"current": -1,
			"list": []
		},
		"conversation": {
			"current": -1,
			"list": []
		},
		"plugin": {
			"current": -1,
			"list": []
		},
		"game": {
			"currentL": -1,
			"list": []
		},
		"miniprogram": {
			"current": 0,
			"list": [
				{
					"id": 0,
					"name": "my",
					"pathName": "pages/my/my",
					"query": "bid=1049",
					"scene": null
				}
			]
		}
	}
}