[
	{
		"name": "上海",
		"value": 6.1
	}, {
		"name": "中山",
		"value": 2.0
	}, {
		"name": "佛山",
		"value": 12.1
	}, {
		"name": "凱里",
		"value": 0.2
	}, {
		"name": "北京",
		"value": 4.5
	}, {
		"name": "南京",
		"value": 6.5
	}, {
		"name": "南寧", 
		"value": 0.1
	}, {
		"name": "南陽",
		"value": 0.0
	}, {
		"name": "嘉善",
		"value": 6.0
	}, {
		"name": "廣州",
		"value": 200
	}, {
		"name": "天津",
		"value": 11.6
	}, {
		"name": "太原",
		"value": 0.1
	}, {
		"name": "安慶",
		"value": 0.5
	}, {
		"name": "寧波",
		"value": 2
	}, {
		"name": "廊坊",
		"value": 40.3
	}, {
		"name": "惠州",
		"value": 4.1
	}, {
		"name": "成都",
		"value": 76.5
	}, {
		"name": "昆山",
		"value": 30.4
	}, {
		"name": "晉城",
		"value": 34.0
	}, {
		"name": "杭州",
		"value": 0.9
	}, {
		"name": "東莞",
		"value": 0.2
	}, {
		"name": "武漢",
		"value": 17.2
	}, {
		"name": "淮安",
		"value": 17.7
	}, {
		"name": "深圳",
		"value": 305.2
	}, {
		"name": "濟源",
		"value": 31.1
	}, {
		"name": "濮陽",
		"value": 0.1
	}, {
		"name": "無錫",
		"value": 0.2
	}, {
		"name": "煙台",
		"value": 31.1
	}, {
		"name": "營口",
		"value": 1.0
	}, {
		"name": "秦皇島",
		"value": 14.1
	}, {
		"name": "菏澤",
		"value": 1.0
	}, {
		"name": "蘭考",
		"value": 4.0
	}, {
		"name": "衡陽",
		"value": 9.0
	}, {
		"name": "西安",
		"value": 0.0
	}, {
		"name": "貴陽",
		"value": 16.8
	}, {
		"name": "鄭州",
		"value": 293.5
	}, {
		"name": "重慶",
		"value": 19.5
	}, {
		"name": "長沙",
		"value": 0.1
	}, {
		"name": "鶴壁",
		"value": 6.1
	}
]