{
	"time": "2018-02-02",
	"totalValue": 1014,
	"totalItem": [
		578,
		538,
		40,
		57,
		119,
		38,
		38,
		63,
		9,
		9,
		32,
		71
	],
	"data": [
		{
			"name": "華南",
			"totalValue": 312,
			"totalItem": [
				145,
				133,
				12,
				23,
				41,
				8,
				6,
				44,
				2,
				5,
				14,
				24
			],
			"data": [
				{
					"name": "深圳",
					"totalValue": 276,
					"totalItem": [
						142,
						133,
						10,
						23,
						39,
						8,
						0.9,
						26,
						2,
						5,
						5,
						24
					],
					"sort": 275556,
					"data": [
						{
							"name": "龍華",
							"totalValue": 145,
							"item": [
								48,
								39,
								9,
								22,
								31,
								5,
								0.9,
								25,
								2,
								4,
								5,
								0.3
							]
						}, {
							"name": "觀瀾",
							"totalValue": 110,
							"item": [
								93,
								93,
								0,
								0,
								8,
								0,
								0,
								0.9,
								0,
								0.4,
								0,
								7
							]
						}, {
							"name": "松崗",
							"totalValue": 17,
							"item": [
								0,
								0,
								0,
								0,
								0,
								0,
								0.01,
								0,
								0,
								0,
								0,
								17
							]
						}, {
							"name": "福田",
							"totalValue": 3,
							"item": [
								0.8,
								0,
								0.8,
								0.3,
								0,
								2,
								0,
								0,
								0,
								0,
								0,
								0
							]
						}
					]
				}, {
					"name": "南寧",
					"totalValue": 20,
					"item": [
						0,
						0,
						0,
						0,
						0.1,
						0,
						1,
						18,
						0,
						0.2,
						0,
						0
					],
					"sort": 19758
				}, {
					"name": "佛山",
					"totalValue": 12,
					"item": [
						0,
						0,
						0,
						0,
						0.1,
						0,
						4,
						0,
						0,
						0,
						8,
						0
					],
					"sort": 11885
				}, {
					"name": "惠州",
					"totalValue": 3,
					"item": [
						0.9,
						0.9,
						0,
						0,
						2,
						0,
						0,
						0,
						0,
						0.1,
						0,
						0
					],
					"sort": 2659
				}, {
					"name": "中山",
					"totalValue": 2,
					"item": [
						2,
						0,
						2,
						0,
						0,
						0,
						0,
						0,
						0,
						0,
						0,
						0
					],
					"sort": 1765
				}, {
					"name": "東莞",
					"totalValue": 0.1,
					"item": [
						0,
						0,
						0,
						0,
						0,
						0,
						0,
						0.1,
						0,
						0,
						0,
						0
					],
					"sort": 125
				}, {
					"name": "廣州",
					"totalValue": 0.1,
					"item": [
						0,
						0,
						0,
						0,
						0,
						0,
						0,
						0,
						0,
						0,
						0.1,
						0
					],
					"sort": 146
				}
			]
		}, {
			"name": "華北",
			"totalValue": 208,
			"totalItem": [
				139,
				124,
				15,
				0.3,
				14,
				0.02,
				28,
				11,
				0.1,
				0.4,
				0,
				14
			],
			"data": [
				{
					"name": "太原",
					"totalValue": 83,
					"item": [
						81,
						81,
						0,
						0,
						2,
						0,
						0.01,
						0,
						0,
						0.2,
						0,
						0
					],
					"sort": 83465
				}, {
					"name": "廊坊",
					"totalValue": 33,
					"item": [
						33,
						21,
						12,
						0,
						0.3,
						0,
						0,
						0,
						0,
						0.03,
						0,
						0
					],
					"sort": 33430
				}, {
					"name": "煙台",
					"totalValue": 31,
					"item": [
						0.6,
						0.6,
						0,
						0.3,
						1,
						0.02,
						28,
						0.01,
						0.1,
						0.06,
						0,
						0.01
					],
					"sort": 30547
				}, {
					"name": "晉城",
					"totalValue": 30,
					"item": [
						20,
						20,
						0,
						0,
						10,
						0,
						0,
						0,
						0,
						0.01,
						0,
						0
					],
					"sort": 30441
				}, {
					"name": "秦皇島",
					"totalValue": 13,
					"item": [
						0,
						0,
						0,
						0,
						0.07,
						0,
						0,
						0,
						0,
						0.01,
						0,
						13
					],
					"sort": 13323
				}, {
					"name": "天津",
					"totalValue": 11,
					"item": [
						0.04,
						0.01,
						0.03,
						0,
						0.04,
						0,
						0,
						11,
						0,
						0.1,
						0,
						0.01
					],
					"sort": 11244
				}, {
					"name": "北京",
					"totalValue": 4,
					"item": [
						4,
						0.5,
						3,
						0,
						0,
						0,
						0,
						0.01,
						0,
						0.01,
						0,
						0.1
					],
					"sort": 4036
				}, {
					"name": "菏澤",
					"totalValue": 1,
					"item": [
						0,
						0,
						0,
						0,
						0,
						0,
						0,
						0,
						0,
						0,
						0,
						1
					],
					"sort": 1069
				}
			]
		}, {
			"name": "華東",
			"totalValue": 75,
			"totalItem": [
				0.4,
				0.06,
				0.4,
				0.08,
				19,
				1,
				3,
				5,
				0,
				0.3,
				18,
				28
			],
			"data": [
				{
					"name": "昆山",
					"totalValue": 29,
					"item": [
						0.02,
						0.02,
						0,
						0.08,
						12,
						1,
						3,
						0.01,
						0,
						0.06,
						0,
						12
					],
					"sort": 28649
				}, {
					"name": "淮安",
					"totalValue": 16,
					"item": [
						0,
						0,
						0,
						0,
						0.7,
						0,
						0,
						0,
						0,
						0.03,
						0,
						16
					],
					"sort": 16493
				}, {
					"name": "寧波",
					"totalValue": 10,
					"item": [
						0,
						0,
						0,
						0,
						0,
						0,
						0,
						0,
						0,
						0,
						10,
						0
					],
					"sort": 10475
				}, {
					"name": "上海",
					"totalValue": 6,
					"item": [
						0,
						0,
						0,
						0,
						0,
						0,
						0,
						4,
						0,
						0.1,
						2,
						0
					],
					"sort": 6066
				}, {
					"name": "南京",
					"totalValue": 6,
					"item": [
						0.4,
						0,
						0.4,
						0,
						0,
						0,
						0,
						0,
						0,
						0.05,
						6,
						0
					],
					"sort": 6313
				}, {
					"name": "嘉善",
					"totalValue": 6,
					"item": [
						0,
						0,
						0,
						0,
						6,
						0,
						0,
						0,
						0,
						0,
						0,
						0
					],
					"sort": 5591
				}, {
					"name": "杭州",
					"totalValue": 0.8,
					"item": [
						0.05,
						0.04,
						0.01,
						0,
						0,
						0,
						0,
						0.7,
						0,
						0.01,
						0,
						0
					],
					"sort": 810
				}, {
					"name": "安慶",
					"totalValue": 0.5,
					"item": [
						0,
						0,
						0,
						0,
						0.5,
						0,
						0,
						0,
						0,
						0,
						0,
						0
					],
					"sort": 477
				}, {
					"name": "無錫",
					"totalValue": 0.2,
					"item": [
						0,
						0,
						0,
						0,
						0.2,
						0,
						0,
						0,
						0,
						0,
						0,
						0
					],
					"sort": 196
				}
			]
		}, {
			"name": "華中",
			"totalValue": 312,
			"totalItem": [
				280,
				280,
				0,
				0.04,
				6,
				15,
				0.03,
				0.07,
				6,
				2,
				0,
				3
			],
			"data": [
				{
					"name": "鄭州",
					"totalValue": 250,
					"item": [
						244,
						244,
						0,
						0,
						1,
						0.1,
						0,
						0.07,
						0.4,
						2,
						0,
						3
					],
					"sort": 250330
				}, {
					"name": "濟源",
					"totalValue": 26,
					"item": [
						26,
						26,
						0,
						0,
						0.08,
						0,
						0,
						0,
						0,
						0,
						0,
						0
					],
					"sort": 26053
				}, {
					"name": "武漢",
					"totalValue": 16,
					"item": [
						0.01,
						0.01,
						0,
						0,
						1,
						15,
						0,
						0,
						0,
						0.2,
						0,
						0
					],
					"sort": 16213
				}, {
					"name": "衡陽",
					"totalValue": 9,
					"item": [
						0,
						0,
						0,
						0,
						3,
						0,
						0,
						0,
						6,
						0,
						0,
						0
					],
					"sort": 8984
				}, {
					"name": "鶴壁",
					"totalValue": 6,
					"item": [
						6,
						6,
						0,
						0,
						0.1,
						0,
						0,
						0,
						0,
						0,
						0,
						0
					],
					"sort": 6075
				}, {
					"name": "蘭考",
					"totalValue": 4,
					"item": [
						4,
						4,
						0,
						0,
						0.01,
						0,
						0,
						0,
						0,
						0,
						0,
						0
					],
					"sort": 3779
				}, {
					"name": "長沙",
					"totalValue": 0.1,
					"item": [
						0,
						0,
						0,
						0.04,
						0,
						0,
						0,
						0,
						0,
						0.05,
						0,
						0
					],
					"sort": 95
				}, {
					"name": "濮陽",
					"totalValue": 0.1,
					"item": [
						0,
						0,
						0,
						0,
						0,
						0,
						0,
						0,
						0,
						0,
						0,
						0.1
					],
					"sort": 102
				}, {
					"name": "南陽",
					"totalValue": 0.03,
					"item": [
						0,
						0,
						0,
						0,
						0,
						0,
						0.03,
						0,
						0,
						0,
						0,
						0
					],
					"sort": 26
				}
			]
		}, {
			"name": "西南",
			"totalValue": 107,
			"totalItem": [
				14,
				0.6,
				13,
				34,
				39,
				15,
				1,
				3,
				0.05,
				1,
				0,
				0.8
			],
			"data": [
				{
					"name": "成都",
					"totalValue": 73,
					"item": [
						0.5,
						0.5,
						0,
						34,
						38,
						0,
						0,
						0,
						0,
						1,
						0,
						0
					],
					"sort": 73471
				}, {
					"name": "重慶",
					"totalValue": 18,
					"item": [
						0.02,
						0.02,
						0,
						0,
						0.4,
						15,
						0,
						2,
						0,
						0.2,
						0,
						0.8
					],
					"sort": 18364
				}, {
					"name": "貴陽",
					"totalValue": 15,
					"item": [
						13,
						0,
						13,
						0,
						0.3,
						0,
						1,
						0.2,
						0.05,
						0.06,
						0,
						0
					],
					"sort": 14814
				}, {
					"name": "凱里",
					"totalValue": 0.2,
					"item": [
						0,
						0,
						0,
						0,
						0,
						0,
						0,
						0.2,
						0,
						0,
						0,
						0
					],
					"sort": 158
				}
			]
		}, {
			"name": "西北",
			"totalValue": 0.02,
			"totalItem": [],
			"data": [
				{
					"name": "西安",
					"totalValue": 0.02,
					"item": [
						0,
						0,
						0,
						0,
						0,
						0,
						0,
						0,
						0.02,
						0,
						0,
						0
					],
					"sort": 16
				}
			]
		}, {
			"name": "東北",
			"totalValue": 1,
			"totalItem": [],
			"data": [
				{
					"name": "營口",
					"totalValue": 1,
					"item": [
						0,
						0,
						0,
						0,
						0,
						0,
						0,
						0,
						0,
						0,
						0,
						1
					],
					"sort": 975
				}
			]
		}
	]
}