{
	"time": "2018-02-01",
	"totalValue": 1029,
	"totalItem": [
		587,
		545,
		42,
		57,
		121,
		39,
		38,
		64,
		9,
		9,
		32,
		72
	],
	"data": [
		{
			"name": "華南",
			"totalValue": 320,
			"totalItem": [
				149,
				137,
				12,
				23,
				42,
				8,
				6,
				46,
				2,
				5,
				14,
				25
			],
			"data": [
				{
					"name": "深圳",
					"totalValue": 283,
					"totalItem": [
						146,
						136,
						10,
						23,
						40,
						8,
						0.9,
						27,
						2,
						5,
						6,
						25
					],
					"sort": 282998,
					"data": [
						{
							"name": "龍華",
							"totalValue": 150,
							"item": [
								50,
								40,
								9,
								23,
								32,
								6,
								0.9,
								26,
								2,
								4,
								6,
								0.3
							]
						}, {
							"name": "觀瀾",
							"totalValue": 113,
							"item": [
								96,
								96,
								0,
								0,
								8,
								0,
								0,
								0.9,
								0,
								0.4,
								0,
								7
							]
						}, {
							"name": "松崗",
							"totalValue": 17,
							"item": [
								0,
								0,
								0,
								0,
								0,
								0,
								0.01,
								0,
								0,
								0,
								0,
								17
							]
						}, {
							"name": "福田",
							"totalValue": 3,
							"item": [
								0.8,
								0,
								0.8,
								0.3,
								0,
								2,
								0,
								0,
								0,
								0,
								0,
								0
							]
						}
					]
				}, {
					"name": "南寧",
					"totalValue": 20,
					"item": [
						0,
						0,
						0,
						0,
						0.1,
						0,
						1,
						19,
						0,
						0.2,
						0,
						0
					],
					"sort": 20284
				}, {
					"name": "佛山",
					"totalValue": 12,
					"item": [
						0,
						0,
						0,
						0,
						0.1,
						0,
						4,
						0,
						0,
						0,
						8,
						0
					],
					"sort": 11901
				}, {
					"name": "惠州",
					"totalValue": 3,
					"item": [
						0.9,
						0.9,
						0,
						0,
						2,
						0,
						0,
						0,
						0,
						0.1,
						0,
						0
					],
					"sort": 2687
				}, {
					"name": "中山",
					"totalValue": 2,
					"item": [
						2,
						0,
						2,
						0,
						0,
						0,
						0,
						0,
						0,
						0,
						0,
						0
					],
					"sort": 1806
				}, {
					"name": "東莞",
					"totalValue": 0.2,
					"item": [
						0,
						0,
						0,
						0,
						0,
						0,
						0,
						0.2,
						0,
						0,
						0,
						0
					],
					"sort": 152
				}, {
					"name": "增城",
					"totalValue": 0.1,
					"item": [
						0,
						0,
						0,
						0,
						0,
						0,
						0,
						0,
						0,
						0,
						0.1,
						0
					],
					"sort": 146
				}
			]
		}, {
			"name": "華北",
			"totalValue": 210,
			"totalItem": [
				141,
				126,
				16,
				0.3,
				14,
				0.02,
				28,
				11,
				0.1,
				0.4,
				0,
				15
			],
			"data": [
				{
					"name": "太原",
					"totalValue": 84,
					"item": [
						82,
						82,
						0,
						0,
						2,
						0,
						0.01,
						0,
						0,
						0.2,
						0,
						0
					],
					"sort": 83921
				}, {
					"name": "廊坊",
					"totalValue": 35,
					"item": [
						34,
						22,
						12,
						0,
						0.3,
						0,
						0,
						0,
						0,
						0.03,
						0,
						0
					],
					"sort": 34656
				}, {
					"name": "晉城",
					"totalValue": 31,
					"item": [
						21,
						21,
						0,
						0,
						10,
						0,
						0,
						0,
						0,
						0.01,
						0,
						0
					],
					"sort": 30855
				}, {
					"name": "煙台",
					"totalValue": 31,
					"item": [
						0.6,
						0.6,
						0,
						0.3,
						1,
						0.02,
						28,
						0.01,
						0.1,
						0.06,
						0,
						0.01
					],
					"sort": 30777
				}, {
					"name": "秦皇島",
					"totalValue": 14,
					"item": [
						0,
						0,
						0,
						0,
						0.07,
						0,
						0,
						0,
						0,
						0.01,
						0,
						13
					],
					"sort": 13516
				}, {
					"name": "天津",
					"totalValue": 11,
					"item": [
						0.04,
						0.01,
						0.03,
						0,
						0.4,
						0,
						0,
						11,
						0,
						0.1,
						0,
						0.01
					],
					"sort": 11314
				}, {
					"name": "北京",
					"totalValue": 4,
					"item": [
						4,
						0.5,
						3,
						0,
						0,
						0,
						0,
						0.01,
						0,
						0.01,
						0,
						0.1
					],
					"sort": 4083
				}, {
					"name": "菏澤",
					"totalValue": 1,
					"item": [
						0,
						0,
						0,
						0,
						0,
						0,
						0,
						0,
						0,
						0,
						0,
						1
					],
					"sort": 1071
				}
			]
		}, {
			"name": "華東",
			"totalValue": 76,
			"totalItem": [
				0.4,
				0.06,
				0.4,
				0.08,
				20,
				1,
				3,
				5,
				0,
				0.3,
				18,
				28
			],
			"data": [
				{
					"name": "昆山",
					"totalValue": 29,
					"item": [
						0.02,
						0.02,
						0,
						0.08,
						13,
						1,
						3,
						0.01,
						0,
						0.06,
						0,
						12
					],
					"sort": 29141
				}, {
					"name": "淮安",
					"totalValue": 17,
					"item": [
						0,
						0,
						0,
						0,
						0.7,
						0,
						0,
						0,
						0,
						0.03,
						0,
						16
					],
					"sort": 16604
				}, {
					"name": "寧波",
					"totalValue": 11,
					"item": [
						0,
						0,
						0,
						0,
						0,
						0,
						0,
						0,
						0,
						0,
						11,
						0
					],
					"sort": 10507
				}, {
					"name": "上海",
					"totalValue": 6,
					"item": [
						0,
						0,
						0,
						0,
						0,
						0,
						0,
						4,
						0,
						0.1,
						2,
						0
					],
					"sort": 6011
				}, {
					"name": "南京",
					"totalValue": 6,
					"item": [
						0.4,
						0,
						0.4,
						0,
						0,
						0,
						0,
						0,
						0,
						0.05,
						6,
						0
					],
					"sort": 6347
				}, {
					"name": "嘉善",
					"totalValue": 6,
					"item": [
						0,
						0,
						0,
						0,
						6,
						0,
						0,
						0,
						0,
						0,
						0,
						0
					],
					"sort": 5801
				}, {
					"name": "杭州",
					"totalValue": 0.8,
					"item": [
						0.05,
						0.04,
						0.01,
						0,
						0,
						0,
						0,
						0.7,
						0,
						0.01,
						0,
						0
					],
					"sort": 809
				}, {
					"name": "安慶",
					"totalValue": 0.5,
					"item": [
						0,
						0,
						0,
						0,
						0.5,
						0,
						0,
						0,
						0,
						0,
						0,
						0
					],
					"sort": 476
				}, {
					"name": "無錫",
					"totalValue": 0.2,
					"item": [
						0,
						0,
						0,
						0,
						0.2,
						0,
						0,
						0,
						0,
						0,
						0,
						0
					],
					"sort": 195
				}
			]
		}, {
			"name": "華中",
			"totalValue": 314,
			"totalItem": [
				282,
				282,
				0,
				0.04,
				6,
				15,
				0.03,
				0.07,
				6,
				2,
				0,
				3
			],
			"data": [
				{
					"name": "鄭州",
					"totalValue": 253,
					"item": [
						246,
						246,
						0,
						0,
						1,
						0.1,
						0,
						0.07,
						0.4,
						2,
						0,
						3
					],
					"sort": 252551
				}, {
					"name": "濟源",
					"totalValue": 26,
					"item": [
						26,
						26,
						0,
						0,
						0.08,
						0,
						0,
						0,
						0,
						0,
						0,
						0
					],
					"sort": 26060
				}, {
					"name": "武漢",
					"totalValue": 17,
					"item": [
						0.01,
						0.01,
						0,
						0,
						1,
						15,
						0,
						0,
						0,
						0.2,
						0,
						0
					],
					"sort": 16514
				}, {
					"name": "衡陽",
					"totalValue": 9,
					"item": [
						0,
						0,
						0,
						0,
						3,
						0,
						0,
						0,
						6,
						0,
						0,
						0
					],
					"sort": 9120
				}, {
					"name": "鶴壁",
					"totalValue": 6,
					"item": [
						6,
						6,
						0,
						0,
						0.1,
						0,
						0,
						0,
						0,
						0,
						0,
						0
					],
					"sort": 6078
				}, {
					"name": "蘭考",
					"totalValue": 4,
					"item": [
						4,
						4,
						0,
						0,
						0.01,
						0,
						0,
						0,
						0,
						0,
						0,
						0
					],
					"sort": 3782
				}, {
					"name": "長沙",
					"totalValue": 0.1,
					"item": [
						0,
						0,
						0,
						0.04,
						0,
						0,
						0,
						0,
						0,
						0.05,
						0,
						0
					],
					"sort": 96
				}, {
					"name": "濮陽",
					"totalValue": 0.1,
					"item": [
						0,
						0,
						0,
						0,
						0,
						0,
						0,
						0,
						0,
						0,
						0,
						0.1
					],
					"sort": 102
				}, {
					"name": "南陽",
					"totalValue": 0.03,
					"item": [
						0,
						0,
						0,
						0,
						0,
						0,
						0.03,
						0,
						0,
						0,
						0,
						0
					],
					"sort": 26
				}
			]
		}, {
			"name": "西南",
			"totalValue": 108,
			"totalItem": [
				14,
				0.6,
				13,
				34,
				39,
				15,
				1,
				3,
				0.05,
				1,
				0,
				0.8
			],
			"data": [
				{
					"name": "成都",
					"totalValue": 74,
					"item": [
						0.5,
						0.5,
						0,
						34,
						38,
						0,
						0,
						0,
						0,
						1,
						0,
						0
					],
					"sort": 73889
				}, {
					"name": "重慶",
					"totalValue": 19,
					"item": [
						0.02,
						0.02,
						0,
						0,
						0.4,
						15,
						0,
						2,
						0,
						0.2,
						0,
						0.8
					],
					"sort": 18659
				}, {
					"name": "貴陽",
					"totalValue": 15,
					"item": [
						13,
						0,
						13,
						0,
						0.3,
						0,
						1,
						0.2,
						0.05,
						0.06,
						0,
						0
					],
					"sort": 15261
				}, {
					"name": "凱里",
					"totalValue": 0.2,
					"item": [
						0,
						0,
						0,
						0,
						0,
						0,
						0,
						0.2,
						0,
						0,
						0,
						0
					],
					"sort": 158
				}
			]
		}, {
			"name": "西北",
			"totalValue": 0.02,
			"totalItem": [],
			"data": [
				{
					"name": "西安",
					"totalValue": 0.02,
					"item": [
						0,
						0,
						0,
						0,
						0,
						0,
						0,
						0,
						0.02,
						0,
						0,
						0
					],
					"sort": 16
				}
			]
		}, {
			"name": "東北",
			"totalValue": 1,
			"totalItem": [],
			"data": [
				{
					"name": "營口",
					"totalValue": 1,
					"item": [
						0,
						0,
						0,
						0,
						0,
						0,
						0,
						0,
						0,
						0,
						0,
						1
					],
					"sort": 1005
				}
			]
		}
	]
}