{
	"pagesize": 50,
	"page": 0,
	"sort": {
		"commdate": -1
	},
	"total": 200,
	"rows": [
		{
			"_id": "5850a2c1e5e500fe1c0c86cf",
			"common": " 真的像一场梦，社会边缘人物三个男人和一个女人的故事，在电影中达到了微妙的平衡，黑白摄影，每个人物的过往和身世，如抽丝剥茧般慢慢展开，更增添了一份梦的意味。电影院的情急一吻和最后女主人公自顾自跳舞的片段，实在太美。张律这个导演可以长期关注了",
			"commdate": "2016-12-13",
			"userid": "自闲",
			"score": 40,
			"movieid": "26752337"
		}, {
			"_id": "5850a2c1e5e500fe1c0c86d3",
			"common": " 非常有意思的片子，简直把人间悲剧拍成了喜剧，把大叔们拍出了青春的感觉。格调把控的很好。摘掉一星是因为：毕竟是叙事电影，虽然看似散落的段落组成也是一种风格，但我个人还是喜欢更加有明确线索的叙事。",
			"commdate": "2016-12-13",
			"userid": "Spring",
			"score": 40,
			"movieid": "26752337"
		}, {
			"_id": "5850a2c3e5e500fe1c0c86ed",
			"common": " 太好看了太好看了，手持长镜头很好，独舞、silent disco、影院、拇指墙、祖国统一再见也很好，每个场景都有意味。像童年玩伴一样单纯又微妙的关系和现实的种种残酷形成反差，但张律不是要把反差扒出来伸到观众鼻子前面，而是藏好伏笔先给你看梦幻泡影再一瞬间把它粉碎，以一种本身就轻柔梦幻的方式。",
			"commdate": "2016-12-13",
			"userid": "迟迟",
			"score": 50,
			"movieid": "26752337"
		}, {
			"_id": "5850a2bee5e500fe1c0c86a2",
			"common": " 实在欣赏不了，感觉像影片里的免费电影，从头到尾看人吃面条剥鸡蛋了",
			"commdate": "2016-12-11",
			"userid": "芒果",
			"score": 10,
			"movieid": "26752337"
		}, {
			"_id": "5850a2c0e5e500fe1c0c86c8",
			"common": " 相比庆州，这部可能是更韩国的电影，被很多人爱着一定是特别幸运的事。",
			"commdate": "2016-12-09",
			"userid": "路歌夜多",
			"score": 30,
			"movieid": "26752337"
		}, {
			"_id": "5850a2c0e5e500fe1c0c86ce",
			"common": " 终于看完了…看不懂就是看不懂，这个逼我装不来",
			"commdate": "2016-12-09",
			"userid": "八卦黄大仙",
			"score": 20,
			"movieid": "26752337"
		}, {
			"_id": "5850a2c3e5e500fe1c0c86e4",
			"common": " 节奏松散有趣",
			"commdate": "2016-12-08",
			"userid": "飞鱼",
			"score": 40,
			"movieid": "26752337"
		}, {
			"_id": "5850a2c6e5e500fe1c0c8723",
			"common": " 这么沉闷的片子，居然有笑点！",
			"commdate": "2016-12-08",
			"userid": "怪咖、",
			"score": 40,
			"movieid": "26752337"
		}, {
			"_id": "5850a2c5e5e500fe1c0c8716",
			"common": " 我们爱做春梦，因为春梦里没有警察",
			"commdate": "2016-12-07",
			"userid": "淘子福",
			"score": 40,
			"movieid": "26752337"
		}, {
			"_id": "5850a2bee5e500fe1c0c8694",
			"common": " 只谈我的感受的其中一个角度 有些喜爱 只能持于靠近 止于触碰 做一个观望者 那份爱就永远美好的存在 做一个参与者 改变与破坏的占有欲因子就会在你面前暗地里滋生 所以 欣赏就好了 了无痕 无止境",
			"commdate": "2016-12-06",
			"userid": "王蛙蛙",
			"score": 30,
			"movieid": "26752337"
		}, {
			"_id": "5850a2c3e5e500fe1c0c86e9",
			"common": " 非常对味儿。",
			"commdate": "2016-12-06",
			"userid": "怀孕的蚂蚱",
			"score": 50,
			"movieid": "26752337"
		}, {
			"_id": "5850a2c5e5e500fe1c0c870d",
			"common": " 太喜欢了，尤其持枪者和电影院两场戏，喜欢那种轻描淡写的情调和态度，黑白光影如梦，梦里不觉伤痛。以及看完这部电影我又重新相信了一件事，人与人之间的情感其实干净的很。",
			"commdate": "2016-12-06",
			"userid": "tiger丹丹",
			"score": 50,
			"movieid": "26752337"
		}, {
			"_id": "5850a2c1e5e500fe1c0c86dd",
			"common": " 艺璃最后时刻跳舞实在太美太梦幻，感觉是永远再挽留但永远抓不住的那种梦。",
			"commdate": "2016-12-05",
			"userid": "浪子钻柜子",
			"score": 50,
			"movieid": "26752337"
		}, {
			"_id": "5850a2c5e5e500fe1c0c8712",
			"common": " 张律的电影常常不具备尖锐响亮的主题，也不似洪尚秀般仅关注些男女之间都会犯的错误，总是不急不缓的闲适节奏，讲述每个人看似如梦境般闲散的生活背后隐藏着的狠戾现实困境。家国身份和思乡惆怅，脱北者和孤儿，同性恋和癫痫患者，几个边缘人，一场荒诞的爱情角逐，直至半睡半醒间从梦中跌落现实惊醒\n                \n                <a class=\"source-icon\" href=\"https://www.douban.com/doubanapp/\" target=\"_blank\"><img src=\"https://img3.doubanio.com/f/shire/c541f3cbc321589b29d7c7b6d00e620243f224d9/pics/comment/iphone.png\" title=\"发自iPhone\" alt=\"iPhone\" rel=\"v:image\"/></a>",
			"commdate": "2016-12-05",
			"userid": "Dear deer",
			"score": 40,
			"movieid": "26752337"
		}, {
			"_id": "5850a2c3e5e500fe1c0c86e7",
			"common": " 三星半，没有“庆州”好这部不太能戳我。四人行春梦了无痕啊！像极了免费电影剥蛋都剥了一分钟一直吃饭开门关门感觉他虽然一些方面进步很大但有点偏离我区别他和洪尚秀的地方越来越交集化。",
			"commdate": "2016-12-04",
			"userid": "了花",
			"score": 30,
			"movieid": "26752337"
		}, {
			"_id": "5850a2c5e5e500fe1c0c8715",
			"common": " 世事春梦了无痕。",
			"commdate": "2016-12-04",
			"userid": "忘记起名了。",
			"score": 30,
			"movieid": "26752337"
		}, {
			"_id": "5850a2c6e5e500fe1c0c8730",
			"common": " 走在日光朦胧的春梦里",
			"commdate": "2016-12-04",
			"userid": "黑心",
			"score": 50,
			"movieid": "26752337"
		}, {
			"_id": "5850a2bce5e500fe1c0c8686",
			"common": " 略琐碎和庸常， 没有庆州好。",
			"commdate": "2016-12-03",
			"userid": "内陆飞鱼",
			"score": 30,
			"movieid": "26752337"
		}, {
			"_id": "5850a2bce5e500fe1c0c868f",
			"common": " 不是特别的喜欢，因为南北韩贯穿整个电影。离家的人呀，想要回头，却一直在逃避。女主角成为了了三个男人的精神寄托。三个男人也是女人的寄托。不承认与承认。看不到未来，每个人看起来都萎靡不振，开始麻木。每个人都个性鲜明，有趣又温柔。",
			"commdate": "2016-12-03",
			"userid": "孔雀公子",
			"score": 50,
			"movieid": "26752337"
		}, {
			"_id": "5850a2c0e5e500fe1c0c86c6",
			"common": " 很久以前你离开了家乡 挥着手喊你回来的家乡 正在替你老去 长白山因为悲伤年过半百 天池里的眼泪干枯之前 我想带你去那地方 虽然带你回去的我不会离开也不会留下 不过就像冲走长白山大雾的另一阵大雾 就像冲走天池水的 又是另一片水 冲走思念的另一段思念中 应该会有我的一个位置吧",
			"commdate": "2016-12-03",
			"userid": "arch",
			"score": 40,
			"movieid": "26752337"
		}, {
			"_id": "5850a2c3e5e500fe1c0c86f0",
			"common": " 越来越好了，甚是有趣。",
			"commdate": "2016-12-03",
			"userid": "一丝不挂",
			"score": 40,
			"movieid": "26752337"
		}, {
			"_id": "5850a2bee5e500fe1c0c869a",
			"common": " 这都能拿奖，我日。",
			"commdate": "2016-12-02",
			"userid": "DuesExMachina",
			"score": 10,
			"movieid": "26752337"
		}, {
			"_id": "5850a2bee5e500fe1c0c869f",
			"common": " 初看张律 真的无法不联想到洪常秀 飘忽不定的影像呈现 碎片化的段落组接 迷离如梦一般的观影体验 但张律却又与洪常秀不同 生活的韵味被内心的抑郁统领 没有归属感的无欲无念 得过且过的活着 不是美梦是永不休止的魇",
			"commdate": "2016-11-30",
			"userid": "梧桐",
			"score": 30,
			"movieid": "26752337"
		}, {
			"_id": "5850a2c1e5e500fe1c0c86d4",
			"common": " 应该叫“你猜”。如果说高压电之后场景都是梦的话，但还是跟前面一样的黑白色调，可其余也没有切口能延伸出女主的逝去了。不过，也许她到底什么时候是真实存在的，仰或真实存在过吗，这些不重要，重要是张律导演那空灵飘渺，不言而喻的哀伤都表述到了。尤其最后那个舞的场景，既诡异更哀婉。",
			"commdate": "2016-11-30",
			"userid": "莎翁笔下的精灵",
			"score": 40,
			"movieid": "26752337"
		}, {
			"_id": "5850a2c5e5e500fe1c0c8717",
			"common": " 嚯！好棒啊，大家都很累可是有一个小啤酒摊有些真诚的喜欢喝温暖，镜头很舒服，叙事也很舒服。从被遗弃的衣橱中走出来，“你怎么从这里出来” “在做祈祷”/ 踩罐头/ 对着街头的镜子跳舞/天台/爬上电线杆 …… 很好很好",
			"commdate": "2016-11-30",
			"userid": "何重人格",
			"score": 40,
			"movieid": "26752337"
		}, {
			"_id": "5850a2c6e5e500fe1c0c872f",
			"common": " 没看懂",
			"commdate": "2016-11-30",
			"userid": "杨树的杨Y",
			"score": 30,
			"movieid": "26752337"
		}, {
			"_id": "5850a2c5e5e500fe1c0c871c",
			"common": " 边缘人微妙的平衡，看的意外的惊喜",
			"commdate": "2016-11-28",
			"userid": "等待戈多",
			"score": 50,
			"movieid": "26752337"
		}, {
			"_id": "5850a2bce5e500fe1c0c868d",
			"common": " 太棒了",
			"commdate": "2016-11-27",
			"userid": "朝克图",
			"score": 50,
			"movieid": "26752337"
		}, {
			"_id": "5850a2c1e5e500fe1c0c86d0",
			"common": " 《春梦》里的人物是处于社会的边缘，而并非洪尚秀电影常出现的教授或者导演。首先，张律电影里充斥的更多是疏离感。其次，张律不是向洪尚秀靠拢，是借用韩国电影语言的外壳来表达自我诉求。所以，电影里没有“人”或者“人性”，其实就是一堆用来政治隐喻的符号。",
			"commdate": "2016-11-27",
			"userid": "有毒崽 Guysick",
			"score": 20,
			"movieid": "26752337"
		}, {
			"_id": "5850a2c1e5e500fe1c0c86e0",
			"common": " 他们要的是相互陪伴",
			"commdate": "2016-11-27",
			"userid": "昼见",
			"score": 30,
			"movieid": "26752337"
		}, {
			"_id": "5850a2c3e5e500fe1c0c86f5",
			"common": " 很久没看这么有意思的电影了",
			"commdate": "2016-11-27",
			"userid": "護士",
			"score": 50,
			"movieid": "26752337"
		}, {
			"_id": "5850a2c5e5e500fe1c0c870c",
			"common": " 三十五分钟正片开始时弹幕有人说像蔡明亮某部电影的结尾，有同感，边缘人物，长久沉默。黑白、起舞、诗歌、絮语，“他们是我的男人们”。",
			"commdate": "2016-11-27",
			"userid": "北渚",
			"score": 40,
			"movieid": "26752337"
		}, {
			"_id": "5850a2c6e5e500fe1c0c8724",
			"common": " 春天的梦仍透着一丝寒冷",
			"commdate": "2016-11-27",
			"userid": "权子让",
			"score": 40,
			"movieid": "26752337"
		}, {
			"_id": "5850a2bfe5e500fe1c0c86b9",
			"common": " 看之前请准备好忽略结局，还有，这不是一部韩国电影，导演是纯正的中国人。要问为什么？请看长评。",
			"commdate": "2016-11-26",
			"userid": "谷城",
			"score": 30,
			"movieid": "26752337"
		}, {
			"_id": "5850a2c0e5e500fe1c0c86c4",
			"common": " 看着看着觉得很像很像庆州，一看导演果然师出同门。这种叙事风格向来就带有导演强烈的个人风格。波澜不惊却暗流涌动，风平浪静却绘声绘色。朝鲜族，作为一个横亘与两个国家的特殊族群，自然有着其特有的光芒，这种光芒很自然，流淌在儒家与基督的二次割裂与重合",
			"commdate": "2016-11-26",
			"userid": "哼哼",
			"score": 40,
			"movieid": "26752337"
		}, {
			"_id": "5850a2c5e5e500fe1c0c870e",
			"common": " 第一次看张律，有点不太适应…………",
			"commdate": "2016-11-26",
			"userid": "鱿鱼曼",
			"score": 30,
			"movieid": "26752337"
		}, {
			"_id": "5850a2c6e5e500fe1c0c8722",
			"common": " 三星半 ",
			"commdate": "2016-11-26",
			"userid": "立夏可可西里",
			"score": 40,
			"movieid": "26752337"
		}, {
			"_id": "5850a2bfe5e500fe1c0c86b4",
			"common": " 像很多小说读完的的一症，四五个人的世界好像就只是那么一个小世界，与世界无关的世界，无可奈何而成。申敏儿的离开，韩艺里的离开都是很决然的。这三个人，却好像怎么都走不了了。",
			"commdate": "2016-11-24",
			"userid": "Ye",
			"score": 40,
			"movieid": "26752337"
		}, {
			"_id": "5850a2bfe5e500fe1c0c86b5",
			"common": " 因为黑白减一星/只是春梦而已",
			"commdate": "2016-11-24",
			"userid": "破风",
			"score": 20,
			"movieid": "26752337"
		}, {
			"_id": "5850a2c1e5e500fe1c0c86db",
			"common": " 了无痕。张律个人近三年最佳。",
			"commdate": "2016-11-24",
			"userid": "昆汀的影子",
			"score": 40,
			"movieid": "26752337"
		}, {
			"_id": "5850a2c4e5e500fe1c0c8704",
			"common": " 欣赏无能",
			"commdate": "2016-11-24",
			"userid": "mmy",
			"score": 20,
			"movieid": "26752337"
		}, {
			"_id": "5850a2bce5e500fe1c0c8682",
			"common": " 5.0。1.静夜，思雾。2.短命少女艺璃在男四出现时刻跳起的那支舞，简直太太太美了，年度最如梦如幻的时刻，注定逃不过；窃以为，这便是张律比洪尚秀更好看的地方。3.挚爱电影院那仓猝一吻，宛如迷影倾吐，这好像电影中的场景啊。4.算命戏码同《庆州》。",
			"commdate": "2016-11-23",
			"userid": "陆支羽",
			"score": 50,
			"movieid": "26752337"
		}, {
			"_id": "5850a2bce5e500fe1c0c868a",
			"common": " 音乐不在场",
			"commdate": "2016-11-23",
			"userid": "发条猜火车",
			"score": 50,
			"movieid": "26752337"
		}, {
			"_id": "5850a2c3e5e500fe1c0c86e3",
			"common": " 惊喜。",
			"commdate": "2016-11-23",
			"userid": "小李嘛批",
			"score": 40,
			"movieid": "26752337"
		}, {
			"_id": "5850a2c5e5e500fe1c0c8714",
			"common": " -",
			"commdate": "2016-11-23",
			"userid": "Hkmiudcnjg",
			"score": 30,
			"movieid": "26752337"
		}, {
			"_id": "5850a2bce5e500fe1c0c8685",
			"common": " 有点匠气。不过脱北者的春梦，就像一颗剥了1分钟的鸡蛋；要细细的品，才能慢慢的咽...",
			"commdate": "2016-11-22",
			"userid": "同志亦凡人中文站",
			"score": 40,
			"movieid": "26752337"
		}, {
			"_id": "5850a2bfe5e500fe1c0c86b7",
			"common": " 理想生活。",
			"commdate": "2016-11-22",
			"userid": "让保罗切小田",
			"score": 40,
			"movieid": "26752337"
		}, {
			"_id": "5850a2c0e5e500fe1c0c86bd",
			"common": " 质感还不错，但还是在照着洪常秀来嘛。",
			"commdate": "2016-11-22",
			"userid": "冬天要暖暖的暖",
			"score": 30,
			"movieid": "26752337"
		}, {
			"_id": "5850a2c0e5e500fe1c0c86c0",
			"common": " 三个小男孩追个小姑娘 都不太健康 不太快乐 没情欲没色气的追求 话说我还没去过长白山",
			"commdate": "2016-11-22",
			"userid": "吴邪",
			"score": 30,
			"movieid": "26752337"
		}, {
			"_id": "5850a2c1e5e500fe1c0c86d7",
			"common": " 没看懂",
			"commdate": "2016-11-22",
			"userid": "赵梦者",
			"score": 20,
			"movieid": "26752337"
		}
	]
}