{
	"pagesize": 30,
	"page": 0,
	"sort": {
		"releaseDate": -1
	},
	"total": 9977,
	"rows": [
		{
			"_id": "26752337",
			"rate": "7.4",
			"cover_x": 1500,
			"is_beetle_subject": false,
			"title": "春梦 춘몽",
			"url": "https://movie.douban.com/subject/26752337/",
			"playable": false,
			"cover": "https://img3.doubanio.com/view/movie_poster_cover/lpst/public/p2382802813.jpg",
			"type": "热门",
			"cover_y": 2145,
			"is_new": false,
			"isGetInfo": 2,
			"votes": 1309,
			"commoncount": 678,
			"stars": [
				"梁益准",
				"尹钟彬",
				"朴庭凡",
				"韩艺礼",
				"申敏儿",
				"柳演锡",
				"金义城",
				"金太勋",
				"赵达焕"
			],
			"runtime": 101,
			"director": "张律",
			"releaseDate": "2016-10-13(韩国)",
			"score": 7.4,
			"getTime": "2016-12-14 09:39:18"
		}, {
			"_id": "26279124",
			"rate": "7.5",
			"cover_x": 4127,
			"is_beetle_subject": false,
			"title": "新哥斯拉 シン・ゴジラ",
			"url": "https://movie.douban.com/subject/26279124/",
			"playable": false,
			"cover": "https://img1.doubanio.com/view/movie_poster_cover/lpst/public/p2371512648.jpg",
			"type": "热门",
			"cover_y": 5839,
			"is_new": false,
			"isGetInfo": 2,
			"votes": 7493,
			"commoncount": 3459,
			"stars": [
				"长谷川博己",
				"竹野内丰",
				"石原里美",
				"高良健吾",
				"大杉涟",
				"柄本明",
				"市川实日子",
				"余贵美子",
				"国村隼",
				"斋藤工",
				"古田新太",
				"前田敦子",
				"三浦贵大",
				"高桥一生",
				"小出惠介",
				"片桐入",
				"犬童一心",
				"手塚通",
				"皮埃尔泷"
			],
			"runtime": 119,
			"director": "庵野秀明</a> / <a href=\"/celebrity/1051346/\" rel=\"v:directedBy\">樋口真嗣",
			"releaseDate": "2016-10-11(美国)",
			"score": 6.7,
			"getTime": "2016-12-14 09:40:18"
		}, {
			"_id": "25953430",
			"rate": "7.4",
			"cover_x": 1000,
			"is_beetle_subject": false,
			"title": "雅多维尔围城战 The Siege of Jadotville",
			"url": "https://movie.douban.com/subject/25953430/",
			"playable": false,
			"cover": "https://img1.doubanio.com/view/movie_poster_cover/lpst/public/p2391144568.jpg",
			"type": "热门",
			"cover_y": 1600,
			"is_new": false,
			"isGetInfo": 2,
			"runtime": 108,
			"stars": [
				"詹米·多南",
				"马克·斯特朗",
				"杰森·奥玛拉",
				"艾玛纽尔·塞尼耶",
				"吉约姆·卡内",
				"米卡埃尔·佩斯布兰特",
				"菲奥娜·格拉斯科特",
				"山姆·基利",
				"迈克尔·麦克埃尔哈顿",
				"丹尼·萨帕尼",
				"罗南·拉夫特瑞",
				"Charles Kelly",
				"Conor Quinlan",
				"Conor MacNeill",
				"Fionn O'Shea"
			],
			"director": "里奇·斯迈斯",
			"commoncount": 761,
			"releaseDate": "2016-10-07(美国)",
			"score": 7.4,
			"votes": 2233,
			"getTime": "2016-12-14 10:16:43"
		}, {
			"_id": "26903184",
			"rate": "6.1",
			"cover_x": 605,
			"is_beetle_subject": false,
			"title": "互换青春 The Swap",
			"url": "https://movie.douban.com/subject/26903184/",
			"playable": false,
			"cover": "https://img5.doubanio.com/view/movie_poster_cover/lpst/public/p2393481516.jpg",
			"type": "热门",
			"cover_y": 915,
			"is_new": false,
			"isGetInfo": 2,
			"releaseDate": "2016-10-07(美国)",
			"votes": 1000,
			"score": 6,
			"director": "杰伊·卡拉斯",
			"stars": [
				"佩顿·李斯特",
				"雅各布·贝特兰德",
				"克莱尔·兰金",
				"达林·罗斯",
				"卡伦·波特",
				"杰西·博斯蒂克",
				"基亚娜·马德拉",
				"伊莲娜·琼斯",
				"迪文·妮科塔"
			],
			"runtime": 100,
			"commoncount": 392,
			"getTime": "2016-12-14 11:49:10"
		},
		{
			"_id": "26388555",
			"cover": "https://img3.doubanio.com/view/movie_poster_cover/ipst/public/p2374617643.jpg",
			"url": "https://movie.douban.com/subject/26388555",
			"title": "一万公里的约定 一萬公里的約定",
			"isGetInfo": 2,
			"director": "洪昇扬",
			"releaseDate": "2016-10-07(台湾)",
			"stars": [
				"赖雅妍",
				"黄远",
				"程予希",
				"王大陆"
			],
			"runtime": 103,
			"votes": 0,
			"type": "剧情",
			"score": 0,
			"commoncount": 47,
			"getTime": "2016-12-16 14:08:40"
		}, 
		{
			"_id": "26713504",
			"rate": "8.1",
			"cover_x": 1300,
			"is_beetle_subject": false,
			"title": "酒神小姐 죽여주는 여자",
			"url": "https://movie.douban.com/subject/26713504/",
			"playable": false,
			"cover": "https://img3.doubanio.com/view/movie_poster_cover/lpst/public/p2376084941.jpg",
			"type": "热门",
			"cover_y": 1856,
			"is_new": true,
			"votes": 2244,
			"score": 8.2,
			"runtime": 111,
			"releaseDate": "2016-10-06(韩国)",
			"commoncount": 953,
			"stars": [
				"尹汝贞",
				"全茂松",
				"尹继尚"
			],
			"director": "李在容",
			"getTime": "2016-12-14 09:23:15",
			"isGetInfo": 2
		}, {
			"_id": "26746381",
			"rate": "7.0",
			"cover_x": 1024,
			"is_beetle_subject": false,
			"title": "网 그물",
			"url": "https://movie.douban.com/subject/26746381/",
			"playable": false,
			"cover": "https://img3.doubanio.com/view/movie_poster_cover/lpst/public/p2379820842.jpg",
			"type": "热门",
			"cover_y": 1464,
			"is_new": false,
			"isGetInfo": 2,
			"runtime": 114,
			"stars": [
				"柳昇范",
				"李源根",
				"安智慧",
				"崔奎华"
			],
			"director": "金基德",
			"commoncount": 602,
			"releaseDate": "2016-10-06(韩国)",
			"score": 7,
			"votes": 1361,
			"getTime": "2016-12-14 10:05:31"
		}, {
			"_id": "26385490",
			"cover": "https://img1.doubanio.com/view/movie_poster_cover/ipst/public/p2379494709.jpg",
			"url": "https://movie.douban.com/subject/26385490",
			"title": "联合王国 A United Kingdom",
			"isGetInfo": 2,
			"director": "阿马·阿桑特",
			"releaseDate": "2016-10-05(BFI伦敦电影节)",
			"stars": [
				"大卫·奥伊罗",
				"裴淳华",
				"汤姆·费尔顿",
				"劳拉·卡尔迈克尔",
				"杰克·达文波特",
				"夏洛特·霍普",
				"杰克·劳登",
				"杰西卡·奥伊罗",
				"尼古拉斯·林德赫斯特",
				"詹姆斯·诺斯科特",
				"梅尔维·卢克巴",
				"Arnold Oceng",
				"格拉姆·柯里"
			],
			"runtime": 90,
			"votes": 39,
			"type": "剧情",
			"score": 6.9,
			"commoncount": 19,
			"getTime": "2016-12-16 14:08:57"
		}, {
			"_id": "26887890",
			"rate": "8.5",
			"cover_x": 770,
			"is_beetle_subject": false,
			"title": "小戏骨：白蛇传",
			"url": "https://movie.douban.com/subject/26887890/",
			"playable": true,
			"cover": "https://img3.doubanio.com/view/movie_poster_cover/lpst/public/p2388405913.jpg",
			"type": "热门",
			"cover_y": 1080,
			"is_new": false,
			"isGetInfo": 2,
			"runtime": 88,
			"stars": [
				"陶奕希",
				"周芷莹",
				"刘戴恩",
				"钟奕儿",
				"陈禹衡",
				"李俊豪",
				"李欣怡",
				"罗自豪",
				"李平波",
				"喻峰",
				"彭楚雅",
				"胡轶珂",
				"陈荣达",
				"姚雯佳"
			],
			"director": "潘礼平</a> / <a href=\"/celebrity/1363207/\" rel=\"v:directedBy\">陆剑梅</a> / <a href=\"/celebrity/1363208/\" rel=\"v:directedBy\">刘玉洁",
			"commoncount": 4798,
			"releaseDate": "2016-10-02(中国大陆)",
			"score": 8.5,
			"votes": 8943,
			"getTime": "2016-12-14 10:06:38"
		}, {
			"_id": "26765310",
			"rate": "4.8",
			"cover_x": 5953,
			"is_beetle_subject": false,
			"title": "铠甲勇士捕王",
			"url": "https://movie.douban.com/subject/26765310/",
			"playable": false,
			"cover": "https://img1.doubanio.com/view/movie_poster_cover/lpst/public/p2382080217.jpg",
			"type": "热门",
			"cover_y": 8315,
			"is_new": false,
			"isGetInfo": 2,
			"director": "郑国伟",
			"commoncount": 333,
			"score": 5.1,
			"votes": 559,
			"stars": [
				"赖艺",
				"王畅唱",
				"曲澔濬",
				"于小凌",
				"戴鑫龙",
				"刘俐嘉",
				"贾如",
				"张子夜",
				"王永峰",
				"王鹏轩"
			],
			"releaseDate": "2016-10-02(中国大陆)",
			"runtime": 86,
			"getTime": "2016-12-14 12:18:44"
		}, {
			"_id": "20513079",
			"cover": "https://img3.doubanio.com/f/shire/a6980e5630cd9e11715c14fb2ca2bd0cc9abee4b/pics/movie-default-small.gif",
			"url": "https://movie.douban.com/subject/20513079",
			"title": "林徽因",
			"isGetInfo": 2,
			"director": "张艾嘉",
			"releaseDate": "2016-10-01",
			"stars": [
				"桂纶镁",
				"梁朝伟"
			],
			"runtime": 120,
			"votes": 0,
			"type": [
				"爱情",
				"传记"
			],
			"score": 0,
			"commoncount": 14,
			"getTime": "2016-12-16 14:09:14"
		}, {
			"_id": "26689730",
			"rate": "5.1",
			"cover_x": 1399,
			"is_beetle_subject": false,
			"title": "终点站 Terminus",
			"url": "https://movie.douban.com/subject/26689730/",
			"playable": false,
			"cover": "https://img1.doubanio.com/view/movie_poster_cover/lpst/public/p2326570799.jpg",
			"type": "科幻",
			"cover_y": 2048,
			"is_new": false,
			"isGetInfo": 2,
			"commoncount": 271,
			"stars": [
				"翟·寇特瑞",
				"肯德拉·阿普尔顿",
				"托德·拉桑斯",
				"布伦·福斯特",
				"史蒂芬·李·马奎德",
				"亨利·尼克松",
				"布伦丹·克莱金",
				"文森特·阿德里安",
				"威廉·埃蒙斯",
				"克里斯托弗·斯特勒瑞"
			],
			"score": 5.1,
			"director": "马克·费米",
			"releaseDate": "2016-1-22(美国)",
			"votes": 675,
			"runtime": 94,
			"getTime": "2016-12-16 01:42:40"
		}, {
			"_id": "26700688",
			"rate": "6.4",
			"cover_x": 810,
			"is_beetle_subject": false,
			"title": "阴影之下 Under the Shadow",
			"url": "https://movie.douban.com/subject/26700688/",
			"playable": false,
			"cover": "https://img1.doubanio.com/view/movie_poster_cover/lpst/public/p2373113468.jpg",
			"type": "热门",
			"cover_y": 1200,
			"is_new": false,
			"isGetInfo": 2,
			"votes": 2132,
			"commoncount": 923,
			"stars": [
				"阿米德·加瓦丹",
				"Narges Rashidi",
				"Bobby Naderi",
				"Bijan Daneshmand",
				"艾文·曼莎迪"
			],
			"runtime": 84,
			"director": "Babak Anvari",
			"releaseDate": "2016-09-30(英国)",
			"score": 6.4,
			"getTime": "2016-12-14 09:49:45"
		}, {
			"_id": "7051830",
			"rate": "7.3",
			"cover_x": 700,
			"is_beetle_subject": false,
			"title": "佩小姐的奇幻城堡 Miss Peregrine&#39;s Home for Peculiar Children",
			"url": "https://movie.douban.com/subject/7051830/",
			"playable": false,
			"cover": "https://img3.doubanio.com/view/movie_poster_cover/lpst/public/p2398173791.jpg",
			"type": [
				"剧情",
				"奇幻",
				"冒险"
			],
			"cover_y": 1034,
			"is_new": false,
			"isGetInfo": 2,
			"releaseDate": "2016-09-30(美国)",
			"runtime": 127,
			"director": "蒂姆·波顿",
			"score": 7.4,
			"commoncount": 21348,
			"stars": [
				"阿萨·巴特菲尔德",
				"伊娃·格林",
				"塞缪尔·杰克逊",
				"朱迪·丹奇",
				"艾拉·珀内尔",
				"克里斯·奥多德",
				"金·迪肯斯",
				"艾莉森·珍妮",
				"劳伦·麦克罗斯蒂",
				"特伦斯·斯坦普",
				"鲁伯特·艾弗雷特",
				"芬利·麦克米伦",
				"艾拉·瓦勒斯泰特",
				"米洛·帕克",
				"匹克西·戴夫斯",
				"澳澜·琼斯"
			],
			"votes": 45610,
			"getTime": "2016-12-15 18:03:55"
		}, {
			"_id": "26662192",
			"rate": "3.5",
			"cover_x": 1000,
			"is_beetle_subject": false,
			"title": "王牌逗王牌",
			"url": "https://movie.douban.com/subject/26662192/",
			"playable": true,
			"cover": "https://img1.doubanio.com/view/movie_poster_cover/lpst/public/p2380681527.jpg",
			"type": "热门",
			"cover_y": 1400,
			"is_new": false,
			"isGetInfo": 2,
			"votes": 14646,
			"score": 3.4,
			"director": "王晶",
			"releaseDate": "2016-09-30(中国大陆)",
			"stars": [
				"刘德华",
				"黄晓明",
				"王祖蓝",
				"胡然",
				"欧阳娜娜",
				"谢依霖",
				"沈腾",
				"赵英俊",
				"戚薇",
				"徐冬冬",
				"毛俊杰",
				"吴樾"
			],
			"commoncount": 7940,
			"runtime": 102,
			"getTime": "2016-12-14 09:52:35"
		}, {
			"_id": "26354336",
			"rate": "3.7",
			"cover_x": 1662,
			"is_beetle_subject": false,
			"title": "爵迹",
			"url": "https://movie.douban.com/subject/26354336/",
			"playable": true,
			"cover": "https://img3.doubanio.com/view/movie_poster_cover/lpst/public/p2377470803.jpg",
			"type": [
				"动画",
				"奇幻"
			],
			"cover_y": 2500,
			"is_new": false,
			"isGetInfo": 2,
			"stars": [
				"范冰冰",
				"吴亦凡",
				"陈学冬",
				"陈伟霆",
				"郭采洁",
				"杨幂",
				"林允",
				"严屹宽",
				"李治廷",
				"王源",
				"汪铎",
				"郭敬明"
			],
			"releaseDate": "2016-09-29(中国大陆)",
			"runtime": 121,
			"score": 3.7,
			"director": "郭敬明",
			"votes": 72111,
			"commoncount": 44195,
			"getTime": "2016-12-15 16:09:24"
		}, {
			"_id": "26280528",
			"cover": "https://img1.doubanio.com/view/movie_poster_cover/ipst/public/p2382076389.jpg",
			"url": "https://movie.douban.com/subject/26280528",
			"title": "从你的全世界路过",
			"isGetInfo": 2,
			"director": "张一白",
			"releaseDate": "2016-09-29(中国大陆)",
			"stars": [
				"邓超",
				"白百何",
				"杨洋",
				"张天爱",
				"岳云鹏",
				"杜鹃",
				"柳岩",
				"廖学秋",
				"曹卫宇",
				"汪启楠",
				"安韩瑾",
				"潘肖",
				"曹涤非",
				"朱红",
				"刘乐思",
				"蓝可",
				"梁超",
				"张爱钦",
				"张美娥"
			],
			"runtime": 113,
			"votes": 105956,
			"type": [
				"喜剧",
				"爱情"
			],
			"score": 5.4,
			"commoncount": 59488,
			"getTime": "2016-12-16 14:09:47"
		}, {
			"_id": "26737505",
			"rate": "7.6",
			"cover_x": 640,
			"is_beetle_subject": false,
			"title": "数码宝贝大冒险tri. 第3章：告白 デジモンアドベンチャー tri. 第3章 告白",
			"url": "https://movie.douban.com/subject/26737505/",
			"playable": false,
			"cover": "https://img3.doubanio.com/view/movie_poster_cover/lpst/public/p2328130912.jpg",
			"type": "热门",
			"cover_y": 903,
			"is_new": false,
			"isGetInfo": 2,
			"votes": 1124,
			"score": 7.6,
			"director": "元永庆太郎",
			"stars": [
				"田村睦心",
				"樱井孝宏",
				"荒川美穗",
				"森下由树子",
				"花江夏树",
				"三森铃子",
				"细谷佳正",
				"吉田仁美",
				"池田纯矢",
				"榎木淳弥",
				"市道真央",
				"坂本千夏",
				"山口真弓",
				"重松花鸟",
				"山田木野子",
				"竹内顺子",
				"松本美和",
				"德光由禾"
			],
			"runtime": 101,
			"releaseDate": "2016-09-24",
			"commoncount": 512,
			"getTime": "2016-12-14 11:59:54"
		}, {
			"_id": "26827945",
			"cover": "https://img3.doubanio.com/view/movie_poster_cover/ipst/public/p2379902261.jpg",
			"url": "https://movie.douban.com/subject/26827945",
			"title": "THE K2",
			"isGetInfo": 2,
			"director": "郭政焕",
			"releaseDate": "2016-09-23(韩国)",
			"stars": [
				"池昌旭",
				"林允儿",
				"宋允儿",
				"赵成夏",
				"李廷镇",
				"金甲洙"
			],
			"runtime": 90,
			"votes": 4815,
			"type": "剧情",
			"score": 6.7,
			"commoncount": 2050,
			"getTime": "2016-12-16 14:10:14"
		}, {
			"_id": "26740388",
			"cover": "https://img3.doubanio.com/view/movie_poster_cover/ipst/public/p2371561280.jpg",
			"url": "https://movie.douban.com/subject/26740388",
			"title": "实习医生格蕾 第十三季 Grey&#39;s Anatomy Season 13",
			"isGetInfo": 2,
			"director": "黛比·艾伦",
			"releaseDate": "2016-09-22(美国)",
			"stars": [
				"艾伦·旁派",
				"贾斯汀·钱伯斯",
				"钱德拉·威尔森",
				"小詹姆斯·皮肯斯",
				"凯文·麦克基德",
				"莎拉·德鲁",
				"卡特琳娜·斯柯松",
				"卡米拉·卢丁顿",
				"杰森·乔治",
				"马丁·亨德森",
				"嘉科莫·吉安尼欧缇",
				"黛比·艾伦"
			],
			"runtime": 90,
			"votes": 670,
			"type": "剧情",
			"score": 8.8,
			"commoncount": 120,
			"getTime": "2016-12-16 14:10:40"
		}, {
			"_id": "25845401",
			"cover": "https://img3.doubanio.com/view/movie_poster_cover/ipst/public/p2376308621.jpg",
			"url": "https://movie.douban.com/subject/25845401",
			"title": "生活大爆炸 第十季 The Big Bang Theory Season 10",
			"isGetInfo": 2,
			"director": "马克·森卓斯基",
			"releaseDate": "2016-09-19(美国)",
			"stars": [
				"约翰尼·盖尔克奇",
				"吉姆·帕森斯",
				"凯莉·库柯",
				"西蒙·赫尔伯格",
				"昆瑙·内亚",
				"马伊姆·拜力克",
				"梅丽莎·劳奇",
				"凯文·苏斯曼"
			],
			"runtime": 90,
			"votes": 5075,
			"type": "喜剧",
			"score": 9.2,
			"commoncount": 833,
			"getTime": "2016-12-16 14:11:10"
		}, {
			"_id": "26738092",
			"cover": "https://img1.doubanio.com/view/movie_poster_cover/ipst/public/p2383848768.jpg",
			"url": "https://movie.douban.com/subject/26738092",
			"title": "别那么骄傲",
			"isGetInfo": 2,
			"director": "沈沁源",
			"releaseDate": "2016-09-19(中国大陆)",
			"stars": [
				"宋芸桦",
				"佟梦实",
				"刘倩妤",
				"侯彥西",
				"蒋林伶",
				"颜敬杰",
				"王畅唱"
			],
			"runtime": 90,
			"votes": 1123,
			"type": [
				"剧情",
				"爱情"
			],
			"score": 6.2,
			"commoncount": 642,
			"getTime": "2016-12-16 14:11:37"
		}, {
			"_id": "26376558",
			"rate": "7.4",
			"cover_x": 1280,
			"is_beetle_subject": false,
			"title": "红海龟 La tortue rouge",
			"url": "https://movie.douban.com/subject/26376558/",
			"playable": false,
			"cover": "https://img3.doubanio.com/view/movie_poster_cover/lpst/public/p2334278462.jpg",
			"type": "热门",
			"cover_y": 1719,
			"is_new": false,
			"isGetInfo": 2,
			"commoncount": 949,
			"votes": 1995,
			"stars": "",
			"runtime": 80,
			"releaseDate": "2016-09-17(日本)",
			"score": 7.5,
			"director": "迈克尔·度德威特",
			"getTime": "2016-12-14 09:28:09"
		}, {
			"_id": "26264454",
			"cover": "https://img3.doubanio.com/view/movie_poster_cover/ipst/public/p2399176645.jpg",
			"url": "https://movie.douban.com/subject/26264454",
			"title": "声之形 聲の形",
			"isGetInfo": 2,
			"director": "山田尚子",
			"releaseDate": "2016-09-17(日本)",
			"stars": [
				"入野自由",
				"早见沙织",
				"悠木碧",
				"小野贤章",
				"金子有希",
				"石川由依",
				"潘惠美",
				"丰永利行",
				"松冈茉优"
			],
			"runtime": 129,
			"votes": 329,
			"type": [
				"剧情",
				"爱情",
				"动画"
			],
			"score": 8.3,
			"commoncount": 173,
			"getTime": "2016-12-16 14:12:04"
		}, {
			"_id": "3868141",
			"rate": "8.0",
			"cover_x": 1013,
			"is_beetle_subject": false,
			"title": "单身日记：好孕来袭 Bridget Jones&#39;s Baby",
			"url": "https://movie.douban.com/subject/3868141/",
			"playable": false,
			"cover": "https://img3.doubanio.com/view/movie_poster_cover/lpst/public/p2329060490.jpg",
			"type": "热门",
			"cover_y": 1500,
			"is_new": false,
			"isGetInfo": 2,
			"votes": 5725,
			"commoncount": 2896,
			"stars": [
				"蕾妮·泽尔维格",
				"科林·费尔斯",
				"帕特里克·德姆西",
				"吉姆·布劳德本特",
				"艾玛·汤普森",
				"艾德·希兰",
				"西莉亚·伊姆里",
				"詹姆斯·卡利斯",
				"拉斯科·阿特金斯",
				"杰玛·琼斯",
				"丹尼尔·斯蒂森",
				"恩佐·科伦蒂",
				"莎莉·菲利普斯",
				"乔蕾·科斯"
			],
			"runtime": 122,
			"director": "沙朗·马奎尔",
			"releaseDate": "2016-09-16(美国/英国)",
			"score": 7.8,
			"getTime": "2016-12-14 09:38:39"
		}, {
			"_id": "25900819",
			"rate": "7.6",
			"cover_x": 1922,
			"is_beetle_subject": false,
			"title": "斯诺登 Snowden",
			"url": "https://movie.douban.com/subject/25900819/",
			"playable": false,
			"cover": "https://img5.doubanio.com/view/movie_poster_cover/lpst/public/p2341351626.jpg",
			"type": "热门",
			"cover_y": 3000,
			"is_new": false,
			"votes": 10234,
			"score": 7.6,
			"runtime": 134,
			"releaseDate": "2016-09-16(美国)",
			"commoncount": 3862,
			"stars": [
				"约瑟夫·高登-莱维特",
				"谢琳·伍德蕾",
				"梅丽莎·里奥",
				"扎克瑞·昆图",
				"汤姆·威尔金森",
				"瑞斯·伊凡斯",
				"尼古拉斯·凯奇",
				"爱德华·斯诺登",
				"斯科特·伊斯特伍德",
				"罗根·马歇尔-格林",
				"蒂莫西·奥利芬特",
				"本·施耐泽",
				"凯斯·斯坦菲尔德",
				"乔莉·理查德森",
				"杰米斯·巴特勒",
				"帕克·索耶",
				"克里斯蒂安·孔特雷拉斯"
			],
			"director": "奥利佛·斯通",
			"getTime": "2016-12-14 09:24:26",
			"isGetInfo": 2
		}, {
			"_id": "26849308",
			"rate": "6.6",
			"cover_x": 674,
			"is_beetle_subject": false,
			"title": "超时空传输 ARQ",
			"url": "https://movie.douban.com/subject/26849308/",
			"playable": false,
			"cover": "https://img1.doubanio.com/view/movie_poster_cover/lpst/public/p2377593309.jpg",
			"type": "热门",
			"cover_y": 1000,
			"is_new": false,
			"isGetInfo": 2,
			"runtime": 88,
			"stars": [
				"罗比·阿美尔",
				"瑞切尔·泰勒",
				"肖恩·本森",
				"亚当·布切",
				"坦图·卡丁诺",
				"Gray Powell",
				"Jacob Neayem",
				"Jamie Spilchuk"
			],
			"director": "Tony Elliott",
			"commoncount": 480,
			"releaseDate": "2016-09-16(美国)",
			"score": 6.6,
			"votes": 1315,
			"getTime": "2016-12-14 09:54:51"
		}, {
			"_id": "26388342",
			"rate": "6.7",
			"cover_x": 509,
			"is_beetle_subject": false,
			"title": "好邻居 The Good Neighbor",
			"url": "https://movie.douban.com/subject/26388342/",
			"playable": false,
			"cover": "https://img3.doubanio.com/view/movie_poster_cover/lpst/public/p2374050235.jpg",
			"type": "热门",
			"cover_y": 755,
			"is_new": false,
			"isGetInfo": 2,
			"score": 6.7,
			"releaseDate": "2016-09-16(美国)",
			"director": "Kasra Farahani",
			"stars": [
				"詹姆斯·肯恩",
				"洛根·米勒",
				"凯尔·吉克瑞斯特",
				"劳拉·伊内斯",
				"艾德文·霍德吉",
				"安妮·达德克",
				"Bailey Noble",
				"丽丽·莱因哈特",
				"明迪·斯特林",
				"尼克·道达尼",
				"富田谭玲",
				"迪恩·卡梅伦",
				"William Charles Mitchell",
				"Billy Khoury",
				"泰德·金"
			],
			"votes": 1090,
			"commoncount": 489,
			"runtime": 98,
			"getTime": "2016-12-14 12:11:45"
		}, {
			"_id": "25945350",
			"rate": "4.9",
			"cover_x": 1145,
			"is_beetle_subject": false,
			"title": "我的战争",
			"url": "https://movie.douban.com/subject/25945350/",
			"playable": true,
			"cover": "https://img3.doubanio.com/view/movie_poster_cover/lpst/public/p2376859070.jpg",
			"type": "热门",
			"cover_y": 1600,
			"is_new": false,
			"isGetInfo": 2,
			"votes": 14755,
			"commoncount": 5641,
			"stars": [
				"刘烨",
				"王珞丹",
				"杨祐宁",
				"叶青",
				"黄志忠",
				"王龙华"
			],
			"runtime": 124,
			"director": "彭顺",
			"releaseDate": "2016-09-15(中国大陆)",
			"score": 4.9,
			"getTime": "2016-12-14 09:42:35"
		}, {
			"_id": "25889476",
			"rate": "6.2",
			"cover_x": 1071,
			"is_beetle_subject": false,
			"title": "麦兜·饭宝奇兵",
			"url": "https://movie.douban.com/subject/25889476/",
			"playable": true,
			"cover": "https://img3.doubanio.com/view/movie_poster_cover/lpst/public/p2377091643.jpg",
			"type": "热门",
			"cover_y": 1500,
			"is_new": false,
			"isGetInfo": 2,
			"releaseDate": "2016-09-15(中国大陆)",
			"runtime": 90,
			"director": "谢立文",
			"score": 6.2,
			"commoncount": 2015,
			"votes": 3842,
			"stars": [
				"金刚",
				"大汪",
				"张正中",
				"彭博",
				"孙小妞"
			],
			"getTime": "2016-12-14 10:18:26"
		}
	]
}