{
	"pagesize": 71,
	"page": 1,
	"sort": {
		"releaseDate": -1
	},
	"total": 9989,
	"rows": [
		{
			"_id": "6874741",
			"cover": "https://img1.doubanio.com/view/movie_poster_cover/ipst/public/p2167242699.jpg",
			"url": "https://movie.douban.com/subject/6874741",
			"title": "无问西东",
			"score": 0,
			"votes": 0,
			"commoncount": 169,
			"isGetInfo": 1,
			"getTime": "2016-12-13 13:40:28",
			"director": "李芳芳",
			"type": [
				"剧情",
				"爱情",
				"战争"
			],
			"stars": [
				"章子怡",
				"王力宏",
				"黄晓明",
				"张震",
				"陈楚生",
				"韩童生",
				"王盛德",
				"姚晨",
				"米雪",
				"保罗·菲利普·克拉克",
				"祖峰"
			],
			"releaseDate": "2018",
			"runtime": 90
		}, {
			"_id": "26363186",
			"cover": "https://img5.doubanio.com/view/movie_poster_cover/ipst/public/p2385574146.jpg",
			"url": "https://movie.douban.com/subject/26363186",
			"title": "特工皇妃楚乔传",
			"commoncount": 189,
			"votes": 0,
			"score": 0,
			"isGetInfo": 1,
			"getTime": "2016-12-13 13:40:39",
			"director": "吴锦源",
			"type": [
				"剧情",
				"古装"
			],
			"stars": [
				"赵丽颖",
				"林更新",
				"窦骁",
				"李沁",
				"牛骏峰",
				"曹曦月",
				"邓伦",
				"刘冬沁",
				"苗苗",
				"王嵛",
				"王彦霖",
				"孙铱"
			],
			"releaseDate": "2017-08(中国大陆)",
			"runtime": 90
		}, {
			"_id": "25900945",
			"cover": "https://img1.doubanio.com/view/movie_poster_cover/ipst/public/p2396547639.jpg",
			"url": "https://movie.douban.com/subject/25900945",
			"title": "美女与野兽 Beauty and the Beast",
			"score": 0,
			"commoncount": 368,
			"votes": 0,
			"isGetInfo": 1,
			"getTime": "2016-12-13 13:40:50",
			"director": "比尔·康顿",
			"type": [
				"爱情",
				"歌舞",
				"奇幻"
			],
			"stars": [
				"艾玛·沃森",
				"丹·史蒂文斯",
				"卢克·伊万斯",
				"乔什·加德",
				"艾玛·汤普森",
				"古古·姆巴塔-劳",
				"凯文·克莱恩",
				"伊恩·麦克莱恩",
				"奥德拉·麦克唐纳",
				"伊万·麦克格雷格",
				"斯坦利·图齐",
				"哈蒂·莫拉汉",
				"迈克尔·吉普森",
				"水野索诺娅",
				"亨利·加勒特",
				"戴尔·布兰斯顿"
			],
			"releaseDate": "2017-03-17(美国)",
			"runtime": 90
		}, {
			"_id": "6990208",
			"cover": "https://img3.doubanio.com/view/movie_poster_cover/ipst/public/p2354807772.jpg",
			"url": "https://movie.douban.com/subject/6990208",
			"title": "狂热郁金香 Tulip Fever",
			"commoncount": 200,
			"score": 0,
			"votes": 0,
			"getTime": "2016-12-13 13:42:38",
			"isGetInfo": 1,
			"director": "贾斯汀·查德维克",
			"type": [
				"剧情",
				"爱情"
			],
			"stars": [
				"戴恩·德哈恩",
				"克里斯托弗·沃尔兹",
				"杰克·奥康奈尔",
				"荷丽黛·格兰杰",
				"艾丽西亚·维坎德",
				"卡拉·迪瓦伊",
				"扎克·加利凡纳基斯",
				"朱迪·丹奇",
				"汤姆·霍兰德",
				"马修·莫里森",
				"大卫·哈雷伍德",
				"朱利安·西格尔",
				"道格拉斯·霍奇斯",
				"黛茜·洛薇",
				"瑞德·李察"
			],
			"releaseDate": "2017-02-24(美国)",
			"runtime": 90
		}, {
			"_id": "26323031",
			"cover": "https://img3.doubanio.com/view/movie_poster_cover/ipst/public/p2379867283.jpg",
			"url": "https://movie.douban.com/subject/26323031",
			"title": "五十度黑 Fifty Shades Darker",
			"score": 0,
			"commoncount": 199,
			"votes": 0,
			"getTime": "2016-12-13 13:44:13",
			"isGetInfo": 1,
			"director": "詹姆斯·弗雷",
			"type": [
				"剧情",
				"爱情",
				"情色"
			],
			"stars": [
				"詹米·多南",
				"达科塔·约翰逊",
				"休·丹西",
				"泰勒·霍奇林",
				"马克斯·马蒂尼",
				"金·贝辛格",
				"埃里克·约翰逊",
				"瑞塔·奥拉",
				"卢克·葛莱姆斯",
				"艾洛斯·慕福特",
				"维克多·罗塞克",
				"贝拉·希思科特",
				"马西娅·盖伊·哈登",
				"费伊·马斯特森",
				"萝宾·李"
			],
			"releaseDate": "2017-02-10(美国)",
			"runtime": 90
		}, {
			"_id": "26318239",
			"cover": "https://img1.doubanio.com/view/movie_poster_cover/ipst/public/p2355804919.jpg",
			"url": "https://movie.douban.com/subject/26318239",
			"title": "世界之外 The Space Between Us",
			"score": 0,
			"commoncount": 64,
			"votes": 0,
			"getTime": "2016-12-13 13:47:52",
			"isGetInfo": 1,
			"director": "彼德·切尔瑟姆",
			"type": [
				"爱情",
				"科幻",
				"冒险"
			],
			"stars": [
				"阿萨·巴特菲尔德",
				"加里·奥德曼",
				"布丽特·罗伯森",
				"卡拉·古奇诺",
				"黄荣亮",
				"詹妮特·蒙哥马利",
				"贝丝·贝利",
				"弗兰克·鲍沃斯",
				"卢斯·雷恩斯"
			],
			"releaseDate": "2017-02-03(美国)",
			"runtime": 90
		}, {
			"_id": "25823277",
			"cover": "https://img5.doubanio.com/view/movie_poster_cover/ipst/public/p2358723426.jpg",
			"url": "https://movie.douban.com/subject/25823277",
			"title": "三生三世十里桃花",
			"score": 0,
			"votes": 0,
			"commoncount": 1303,
			"getTime": "2016-12-13 13:52:45",
			"isGetInfo": 1,
			"director": "赵小丁</a> / <a href=\"/celebrity/1289344/\" rel=\"v:directedBy\">安东尼·拉默里纳拉",
			"type": [
				"剧情",
				"爱情",
				"奇幻"
			],
			"stars": [
				"刘亦菲",
				"杨洋",
				"彭子苏",
				"严屹宽",
				"罗晋"
			],
			"releaseDate": "2017-02(中国大陆)",
			"runtime": 90
		}, {
			"_id": "26799731",
			"cover": "https://img3.doubanio.com/view/movie_poster_cover/ipst/public/p2359581501.jpg",
			"url": "https://movie.douban.com/subject/26799731",
			"title": "请以你的名字呼唤我 Call Me by Your Name",
			"commoncount": 66,
			"votes": 0,
			"score": 0,
			"isGetInfo": 1,
			"getTime": "2016-12-13 13:59:46",
			"director": "卢卡·圭达尼诺",
			"type": [
				"剧情",
				"爱情",
				"同性"
			],
			"stars": [
				"阿米·汉莫",
				"迈克尔·斯图巴",
				"蒂莫西·柴勒梅德",
				"阿蜜拉·卡萨",
				"艾斯特·加莱尔"
			],
			"releaseDate": "2017-01-22(圣丹斯)",
			"runtime": 90
		}, {
			"_id": "26608228",
			"cover": "https://img3.doubanio.com/view/movie_poster_cover/ipst/public/p2396092552.jpg",
			"url": "https://movie.douban.com/subject/26608228",
			"title": "孤芳不自赏",
			"votes": 0,
			"score": 0,
			"commoncount": 178,
			"getTime": "2016-12-13 13:53:43",
			"isGetInfo": 1,
			"director": "鞠觉亮",
			"type": [
				"爱情",
				"历史",
				"战争",
				"古装"
			],
			"stars": [
				"钟汉良",
				"杨颖",
				"甘婷婷",
				"孙艺洲",
				"亓航",
				"麦迪娜",
				"程皓枫",
				"宣璐",
				"杜若溪",
				"于波"
			],
			"releaseDate": "2017-01-03(中国大陆)",
			"runtime": 90
		}, {
			"_id": "26639958",
			"cover": "https://img3.doubanio.com/view/movie_poster_cover/ipst/public/p2372574283.jpg",
			"url": "https://movie.douban.com/subject/26639958",
			"title": "春娇救志明 春嬌救志明",
			"isGetInfo": 2,
			"votes": 0,
			"runtime": 90,
			"director": "彭浩翔",
			"score": 0,
			"stars": [
				"杨千嬅",
				"余文乐",
				"蒋梦婕"
			],
			"type": [
				"剧情",
				"喜剧",
				"爱情"
			],
			"commoncount": 92,
			"releaseDate": "2017",
			"getTime": "2016-12-16 14:01:03"
		}, {
			"_id": "26579374",
			"cover": "https://img3.doubanio.com/view/movie_poster_cover/ipst/public/p2299709543.jpg",
			"url": "https://movie.douban.com/subject/26579374",
			"title": "如果可以这样爱",
			"isGetInfo": 2,
			"commoncount": 113,
			"stars": [
				"佟大为",
				"刘诗诗",
				"保剑锋",
				"孙之鸿",
				"辛芷蕾",
				"茹萍",
				"齐欢",
				"普超英",
				"谢园",
				"杨壹童",
				"朱铁",
				"赖婧"
			],
			"runtime": 90,
			"type": [
				"剧情",
				"爱情"
			],
			"votes": 0,
			"score": 0,
			"releaseDate": "2017",
			"director": "王雷",
			"getTime": "2016-12-16 14:01:31"
		}, {
			"_id": "26635987",
			"cover": "https://img1.doubanio.com/view/movie_poster_cover/ipst/public/p2352073598.jpg",
			"url": "https://movie.douban.com/subject/26635987",
			"title": "浮生梦 My Cousin Rachel",
			"isGetInfo": 2,
			"commoncount": 19,
			"stars": [
				"蕾切尔·薇兹",
				"山姆·克拉弗林",
				"荷丽黛·格兰杰"
			],
			"runtime": 90,
			"type": [
				"剧情",
				"爱情"
			],
			"votes": 0,
			"score": 0,
			"releaseDate": "2017",
			"director": "罗杰·米歇尔",
			"getTime": "2016-12-16 14:01:52"
		}, {
			"_id": "26696639",
			"rate": "6.4",
			"cover_x": 579,
			"is_beetle_subject": false,
			"title": "正义联盟大战少年泰坦 Justice League vs. Teen Titans",
			"url": "https://movie.douban.com/subject/26696639/",
			"playable": true,
			"cover": "https://img1.doubanio.com/view/movie_poster_cover/lpst/public/p2324561649.jpg",
			"type": [
				"动作",
				"动画"
			],
			"cover_y": 683,
			"is_new": false,
			"isGetInfo": 2,
			"runtime": 78,
			"releaseDate": "2016-3-29(美国)",
			"votes": 1910,
			"commoncount": 717,
			"stars": [
				"斯图尔特·艾伦",
				"杰森·马斯登",
				"杰瑞·奥康奈尔",
				"马特·兰特尔",
				"诺兰·诺斯",
				"杰森·奥玛拉",
				"泰莎·法米加",
				"布兰登·司徒",
				"凯瑞·华格伦",
				"罗莎里奥·道森",
				"肖恩·马希尔",
				"谢默·摩尔",
				"杰克·T·奥斯汀",
				"乔·博恩瑟",
				"克里斯托弗·高哈姆"
			],
			"score": 6.4,
			"director": "刘山姆",
			"getTime": "2016-12-15 20:37:16"
		}, {
			"_id": "26677495",
			"cover": "https://img1.doubanio.com/view/movie_poster_cover/ipst/public/p2385215679.jpg",
			"url": "https://movie.douban.com/subject/26677495",
			"title": "帕特森 Paterson",
			"isGetInfo": 2,
			"director": "吉姆·贾木许",
			"releaseDate": "2016-12-28(美国)",
			"stars": [
				"亚当·德赖弗",
				"卡拉·海沃德",
				"格什菲·法拉哈尼",
				"斯特林·杰里斯",
				"杰瑞德·吉尔曼 ",
				"永濑正敏",
				"弗兰克·哈茨",
				"威廉·杰克森·哈珀"
			],
			"runtime": 113,
			"votes": 265,
			"type": "剧情",
			"score": 8.1,
			"commoncount": 200,
			"getTime": "2016-12-16 14:32:22"
		}, {
			"_id": "25911694",
			"cover": "https://img3.doubanio.com/view/movie_poster_cover/ipst/public/p2390687452.jpg",
			"url": "https://movie.douban.com/subject/25911694",
			"title": "摆渡人",
			"isGetInfo": 2,
			"commoncount": 1303,
			"stars": [
				"梁朝伟",
				"金城武",
				"陈奕迅",
				"杨颖",
				"张榕容",
				"杜鹃",
				"熊黛林",
				"大鹏",
				"马苏",
				"崔志佳",
				"贾玲",
				"李宇春",
				"鹿晗"
			],
			"runtime": 128,
			"type": [
				"喜剧",
				"爱情"
			],
			"votes": 0,
			"score": 0,
			"releaseDate": "2016-12-23(中国大陆)",
			"director": "张嘉佳",
			"getTime": "2016-12-16 13:59:00"
		}, {
			"_id": "3434070",
			"cover": "https://img3.doubanio.com/view/movie_poster_cover/ipst/public/p2394787273.jpg",
			"url": "https://movie.douban.com/subject/3434070",
			"title": "太空旅客 Passengers",
			"isGetInfo": 2,
			"commoncount": 312,
			"stars": [
				"克里斯·普拉特",
				"詹妮弗·劳伦斯",
				"麦克·辛",
				"劳伦斯·菲什伯恩",
				"因德尔·库马尔",
				"奥罗拉·佩里纽"
			],
			"runtime": 90,
			"type": [
				"科幻",
				"冒险"
			],
			"votes": 0,
			"score": 0,
			"releaseDate": "2016-12-21(美国)",
			"director": "莫滕·泰杜姆",
			"getTime": "2016-12-16 14:02:17"
		}, {
			"_id": "26707472",
			"cover": "https://img3.doubanio.com/view/movie_poster_cover/ipst/public/p2390682054.jpg",
			"url": "https://movie.douban.com/subject/26707472",
			"title": "明日的我与昨日的你约会 ぼくは明日、昨日のきみとデートする",
			"isGetInfo": 2,
			"commoncount": 27,
			"stars": [
				"福士苍汰",
				"小松菜奈",
				"东出昌大",
				"山田裕贵",
				"清原果耶",
				"大鷹明良",
				"宫崎美子"
			],
			"runtime": 90,
			"type": "爱情",
			"votes": 0,
			"score": 0,
			"releaseDate": "2016-12-17(日本)",
			"director": "三木孝浩",
			"getTime": "2016-12-16 14:02:35"
		}, {
			"_id": "26700818",
			"rate": "9.3",
			"cover_x": 480,
			"is_beetle_subject": false,
			"title": "极品基老伴：完结篇 Vicious Series Finale",
			"url": "https://movie.douban.com/subject/26700818/",
			"playable": false,
			"cover": "https://img3.doubanio.com/view/movie_poster_cover/lpst/public/p2360539785.jpg",
			"type": "热门",
			"cover_y": 700,
			"is_new": false,
			"isGetInfo": 2,
			"runtime": 47,
			"stars": [
				"伊恩·麦克莱恩",
				"德里克·雅各比",
				"弗朗西斯·德·拉·图瓦",
				"伊万·瑞恩",
				"玛西娅·沃伦",
				"菲利普-沃斯",
				"艾琳·阿特金斯",
				"弗兰西斯·巴贝",
				"阿利斯泰尔·布拉默",
				"理查德·加德"
			],
			"director": "埃德·拜",
			"commoncount": 4266,
			"releaseDate": "2016-12-16(英国)",
			"score": 9.3,
			"votes": 10861,
			"getTime": "2016-12-14 10:05:08"
		}, {
			"_id": "25934014",
			"cover": "https://img3.doubanio.com/view/movie_poster_cover/ipst/public/p2395517414.jpg",
			"url": "https://movie.douban.com/subject/25934014",
			"title": "爱乐之城 La La Land",
			"isGetInfo": 2,
			"director": "达米安·沙泽勒",
			"releaseDate": "2016-12-16(美国)",
			"stars": [
				"艾玛·斯通",
				"瑞恩·高斯林",
				"芬·维特洛克",
				"J·K·西蒙斯",
				"水野索诺娅",
				"罗丝玛丽·德薇特",
				"约翰·传奇",
				"贾森·福克斯",
				"杰西卡·罗德",
				"考莉·赫尔南德斯",
				"米根·费伊",
				"赫米基·马德拉",
				"迈尔斯·安德森",
				"特雷弗·里斯奥尔",
				"汤姆·谢尔顿",
				"克劳丁·克劳迪奥"
			],
			"runtime": 128,
			"votes": 828,
			"type": [
				"剧情",
				"喜剧",
				"爱情",
				"歌舞"
			],
			"score": 9.2,
			"commoncount": 453,
			"getTime": "2016-12-16 14:16:02"
		}, {
			"_id": "26594404",
			"cover": "https://img1.doubanio.com/view/movie_poster_cover/ipst/public/p2325890798.jpg",
			"url": "https://movie.douban.com/subject/26594404",
			"title": "放弃我，抓紧我",
			"isGetInfo": 2,
			"commoncount": 1788,
			"stars": [
				"陈乔恩",
				"王凯",
				"乔任梁",
				"陈燃",
				"张轩睿",
				"张铎",
				"亓航",
				"李柄辉",
				"赵子默"
			],
			"runtime": 90,
			"type": [
				"剧情",
				"爱情"
			],
			"votes": 3383,
			"score": 5.2,
			"releaseDate": "2016-12-11(中国大陆)",
			"director": "邓衍成</a> / <a href=\"/search/%E9%98%AE%E6%83%9F%E6%96%B0\" rel=\"v:directedBy\">阮惟新</a> / <a href=\"/search/%E9%99%88%E5%9B%BD%E5%8D%8E\" rel=\"v:directedBy\">陈国华",
			"getTime": "2016-12-16 14:03:03"
		}, {
			"_id": "26724235",
			"cover": "https://img3.doubanio.com/view/movie_poster_cover/ipst/public/p2376837451.jpg",
			"url": "https://movie.douban.com/subject/26724235",
			"title": "再见瓦城 再見瓦城",
			"isGetInfo": 2,
			"director": "赵德胤",
			"releaseDate": "2016-12-09(台湾)",
			"stars": [
				"柯震东",
				"吴可熙"
			],
			"runtime": 108,
			"votes": 388,
			"type": [
				"剧情",
				"爱情"
			],
			"score": 6.6,
			"commoncount": 243,
			"getTime": "2016-12-16 14:13:15"
		}, {
			"_id": "26658568",
			"cover": "https://img3.doubanio.com/view/movie_poster_cover/ipst/public/p2402824160.jpg",
			"url": "https://movie.douban.com/subject/26658568",
			"title": "28岁未成年",
			"isGetInfo": 2,
			"commoncount": 5901,
			"stars": [
				"倪妮",
				"霍建华",
				"马苏",
				"王大陆",
				"潘斌龙",
				"隋凯",
				"刘冰",
				"余心恬",
				"汪汐潮",
				"来喜",
				"曲哲明"
			],
			"runtime": 109,
			"type": [
				"喜剧",
				"爱情",
				"奇幻"
			],
			"votes": 9810,
			"score": 6.1,
			"releaseDate": "2016-12-09(中国大陆)",
			"director": "张末",
			"getTime": "2016-12-16 14:03:36"
		}, {
			"_id": "25789443",
			"cover": "https://img1.doubanio.com/view/movie_poster_cover/ipst/public/p2210872057.jpg",
			"url": "https://movie.douban.com/subject/25789443",
			"title": "美人私房菜",
			"isGetInfo": 2,
			"commoncount": 1422,
			"stars": [
				"郑爽",
				"马天宇",
				"蒋毅",
				"苑琼丹",
				"吴军忱",
				"章贺",
				"王纯"
			],
			"runtime": 90,
			"type": [
				"剧情",
				"古装"
			],
			"votes": 2550,
			"score": 4,
			"releaseDate": "2016-12-04(中国大陆)",
			"director": "梁辛全",
			"getTime": "2016-12-16 14:04:01"
		}, {
			"_id": "26651353",
			"rate": "5.0",
			"cover_x": 5906,
			"is_beetle_subject": false,
			"title": "超级快递",
			"url": "https://movie.douban.com/subject/26651353/",
			"playable": false,
			"cover": "https://img1.doubanio.com/view/movie_poster_cover/lpst/public/p2399994997.jpg",
			"type": [
				"喜剧",
				"动作"
			],
			"cover_y": 8425,
			"is_new": true,
			"isGetInfo": 2,
			"stars": [
				"陈赫",
				"宋智孝",
				"大卫·贝利",
				"肖央",
				"李媛",
				"李淳",
				"邰智源",
				"何赛飞",
				"阚清子"
			],
			"releaseDate": "2016-12-02(中国大陆)",
			"runtime": 90,
			"score": 4.9,
			"director": "宋啸",
			"votes": 2160,
			"commoncount": 1251,
			"getTime": "2016-12-15 16:50:37"
		}, {
			"_id": "24706550",
			"cover": "https://img3.doubanio.com/view/movie_poster_cover/ipst/public/p2198676872.jpg",
			"url": "https://movie.douban.com/subject/24706550",
			"title": "送奶路上 На млијечном путу",
			"isGetInfo": 2,
			"director": "埃米尔·库斯图里卡",
			"releaseDate": "2016-12(塞尔维亚)",
			"stars": [
				"埃米尔·库斯图里卡",
				"莫妮卡·贝鲁奇",
				"谢尔盖·特里富诺维奇",
				"马诺伊洛维奇",
				"Bajram Severdzan",
				"Petar Mircevski",
				"Davor Janjic",
				"Sloboda Micalovic"
			],
			"runtime": 125,
			"votes": 73,
			"type": "剧情",
			"score": 8,
			"commoncount": 48,
			"getTime": "2016-12-16 14:12:44"
		}, {
			"_id": "26715617",
			"cover": "https://img3.doubanio.com/view/movie_poster_cover/ipst/public/p2361026585.jpg",
			"url": "https://movie.douban.com/subject/26715617",
			"title": "双生",
			"isGetInfo": 2,
			"commoncount": 34,
			"stars": [
				"刘昊然",
				"陈都灵",
				"金赛纶",
				"萩原实里",
				"成田凌"
			],
			"runtime": 90,
			"type": [
				"剧情",
				"爱情",
				"悬疑"
			],
			"votes": 0,
			"score": 0,
			"releaseDate": "2016-12(中国大陆)",
			"director": "金振成",
			"getTime": "2016-12-16 14:04:18"
		}, {
			"_id": "26649095",
			"rate": "6.9",
			"cover_x": 700,
			"is_beetle_subject": false,
			"title": "恐吓运动 Scare Campaign",
			"url": "https://movie.douban.com/subject/26649095/",
			"playable": false,
			"cover": "https://img1.doubanio.com/view/movie_poster_cover/lpst/public/p2357224248.jpg",
			"type": "热门",
			"cover_y": 1000,
			"is_new": false,
			"isGetInfo": 2,
			"releaseDate": "2016-11-26(澳大利亚)",
			"commoncount": 364,
			"stars": [
				"梅根·沃纳",
				"伊恩 麦杜思",
				"奥利维亚·德容格",
				"乔什·邝·塔特",
				"帕特里克·哈维",
				"卡桑德拉·玛格拉斯",
				"斯蒂夫·莫察基斯",
				"约翰·布鲁普顿",
				"杰森·盖瑞",
				"西格丽德·索顿",
				"叶凯婷"
			],
			"director": "卡梅伦·凯恩斯</a> / <a href=\"/celebrity/1358835/\" rel=\"v:directedBy\">科林·凯恩斯",
			"score": 6.9,
			"votes": 897,
			"runtime": 81,
			"getTime": "2016-12-14 10:28:07"
		}, {
			"_id": "26365631",
			"rate": "4.0",
			"cover_x": 1145,
			"is_beetle_subject": false,
			"title": "冲天火",
			"url": "https://movie.douban.com/subject/26365631/",
			"playable": false,
			"cover": "https://img3.doubanio.com/view/movie_poster_cover/lpst/public/p2394867674.jpg",
			"type": [
				"动作",
				"悬疑"
			],
			"cover_y": 1600,
			"is_new": true,
			"isGetInfo": 2,
			"stars": [
				"吴彦祖",
				"张若昀",
				"张静初",
				"郭采洁",
				"张孝全",
				"樊光耀",
				"黎耀祥",
				"姜皓文",
				"张兆辉",
				"巴图"
			],
			"releaseDate": "2016-11-25(中国大陆)",
			"runtime": 100,
			"score": 4,
			"director": "林岭东",
			"votes": 2614,
			"commoncount": 1649,
			"getTime": "2016-12-15 16:24:14"
		}, {
			"_id": "26696875",
			"rate": "4.9",
			"cover_x": 4429,
			"is_beetle_subject": false,
			"title": "最萌身高差",
			"url": "https://movie.douban.com/subject/26696875/",
			"playable": false,
			"cover": "https://img3.doubanio.com/view/movie_poster_cover/lpst/public/p2398176331.jpg",
			"type": [
				"喜剧",
				"爱情"
			],
			"cover_y": 6201,
			"is_new": true,
			"isGetInfo": 2,
			"stars": [
				"高以翔",
				"王水林",
				"范湉湉",
				"九孔"
			],
			"releaseDate": "2016-11-25(中国大陆)",
			"runtime": 91,
			"score": 4.8,
			"director": "马侃",
			"votes": 591,
			"commoncount": 415,
			"getTime": "2016-12-15 16:43:16"
		}, {
			"_id": "6985329",
			"cover": "https://img3.doubanio.com/view/movie_poster_cover/ipst/public/p2392679261.jpg",
			"url": "https://movie.douban.com/subject/6985329",
			"title": "打破陈规 Rules Don&#39;t Apply",
			"isGetInfo": 2,
			"commoncount": 10,
			"stars": [
				"阿尔登·埃伦瑞奇",
				"莉莉·柯林斯",
				"泰莎·法米加",
				"切斯·克劳福",
				"马修·布罗德里克",
				"亚历克·鲍德温",
				"安妮特·贝宁",
				"马丁·辛",
				"奥利弗·普莱特",
				"沃伦·比蒂",
				"海莉·贝内特",
				"坎迪斯·伯根",
				"艾德·哈里斯",
				"约书亚·马林纳",
				"梅根·希尔提",
				"派特里克·费斯克勒",
				"史蒂夫·库根",
				"埃米·马迪根"
			],
			"runtime": 90,
			"type": [
				"剧情",
				"喜剧",
				"爱情"
			],
			"votes": 0,
			"score": 0,
			"releaseDate": "2016-11-23(美国)",
			"director": "沃伦·比蒂",
			"getTime": "2016-12-16 09:22:32"
		}, {
			"_id": "25845294",
			"rate": "3.8",
			"cover_x": 1146,
			"is_beetle_subject": false,
			"title": "勇士之门",
			"url": "https://movie.douban.com/subject/25845294/",
			"playable": false,
			"cover": "https://img3.doubanio.com/view/movie_poster_cover/lpst/public/p2393908940.jpg",
			"type": [
				"奇幻",
				"冒险"
			],
			"cover_y": 1600,
			"is_new": false,
			"isGetInfo": 2,
			"stars": [
				"赵又廷",
				"倪妮",
				"尤赖亚·谢尔顿",
				"吴镇宇",
				"戴夫·巴蒂斯塔",
				"奚梦瑶",
				"惠英红",
				"西耶娜·盖尔利",
				"罗恩·斯穆安伯格"
			],
			"releaseDate": "2016-11-18(中国大陆)",
			"runtime": 108,
			"score": 3.8,
			"director": "马蒂亚斯·霍恩",
			"votes": 1596,
			"commoncount": 1063,
			"getTime": "2016-12-15 16:50:13"
		}, {
			"_id": "26806061",
			"cover": "https://img1.doubanio.com/view/movie_poster_cover/ipst/public/p2398864969.jpg",
			"url": "https://movie.douban.com/subject/26806061",
			"title": "蓝色大海的传说 푸른 바다의 전설",
			"isGetInfo": 2,
			"director": "陈赫",
			"releaseDate": "2016-11-16(韩国)",
			"stars": [
				"全智贤",
				"李敏镐",
				"文素丽",
				"朴珍荣",
				"成东日",
				"葛素媛",
				"李熙俊",
				"申惠善",
				"崔政宇",
				"黄新惠"
			],
			"runtime": 90,
			"votes": 11031,
			"type": [
				"爱情",
				"奇幻"
			],
			"score": 7.3,
			"commoncount": 3558,
			"getTime": "2016-12-16 14:04:45"
		}, {
			"_id": "26615597",
			"cover": "https://img1.doubanio.com/view/movie_poster_cover/ipst/public/p2394671879.jpg",
			"url": "https://movie.douban.com/subject/26615597",
			"title": "相爱穿梭千年2：月光下的交换",
			"isGetInfo": 2,
			"director": "孙祺龙",
			"releaseDate": "2016-11-16(中国大陆)",
			"stars": [
				"魏大勋",
				"文咏珊",
				"郭雪芙",
				"张晓晨",
				"郑凯",
				"卫莱",
				"王德顺",
				"武艺",
				"张新成",
				"张籽沐"
			],
			"runtime": 90,
			"votes": 244,
			"type": "爱情",
			"score": 6,
			"commoncount": 200,
			"getTime": "2016-12-16 14:05:09"
		}, {
			"_id": "26636559",
			"cover": "https://img3.doubanio.com/view/movie_poster_cover/ipst/public/p2381142232.jpg",
			"url": "https://movie.douban.com/subject/26636559",
			"title": "一善之差 Good Behavior",
			"isGetInfo": 2,
			"director": "马格努斯·马滕斯</a> / <a href=\"/celebrity/1353700/\" rel=\"v:directedBy\">米凯尔·诺加德</a> / <a href=\"/celebrity/1324058/\" rel=\"v:directedBy\">马克·匹兹纳斯基</a> / <a href=\"/celebrity/1321722/\" rel=\"v:directedBy\">菲尔·亚伯拉罕</a> / <a href=\"/celebrity/1010841/\" rel=\"v:directedBy\">夏洛特·席琳</a> / <a href=\"/celebrity/1000347/\" rel=\"v:directedBy\">卡尔·弗兰克林</a> / <a href=\"/celebrity/1014354/\" rel=\"v:directedBy\">乔纳斯·佩特",
			"releaseDate": "2016-11-15(美国)",
			"stars": [
				"米歇尔·道克瑞",
				"胡安·迭戈·波托",
				"卢西亚·斯杜斯 ",
				"特里·金尼",
				"乔伊·科恩",
				"吉迪恩·埃默里",
				"鲍比·巴特森",
				"玛丽亚·博托",
				"小托马斯·布莱克"
			],
			"runtime": 90,
			"votes": 877,
			"type": [
				"剧情",
				"动作",
				"犯罪"
			],
			"score": 8.6,
			"commoncount": 201,
			"getTime": "2016-12-16 14:05:35"
		}, {
			"_id": "26415200",
			"rate": "4.6",
			"cover_x": 994,
			"is_beetle_subject": false,
			"title": "外公芳龄38",
			"url": "https://movie.douban.com/subject/26415200/",
			"playable": false,
			"cover": "https://img3.doubanio.com/view/movie_poster_cover/lpst/public/p2394844095.jpg",
			"type": [
				"剧情",
				"喜剧"
			],
			"cover_y": 1417,
			"is_new": false,
			"isGetInfo": 2,
			"stars": [
				"佟大为",
				"陈妍希",
				"吕云骢",
				"刘芮麟",
				"温心",
				"潘斌龙",
				"李晓川",
				"赵龙豪",
				"彭梓桁",
				"张宥浩",
				"李伟健",
				"李彧",
				"李菁",
				"滕飞",
				"徐婧荧"
			],
			"releaseDate": "2016-11-11(中国大陆)",
			"runtime": 103,
			"score": 4.6,
			"director": "安兵基",
			"votes": 2346,
			"commoncount": 1378,
			"getTime": "2016-12-15 16:46:36"
		}, {
			"_id": "26344999",
			"cover": "https://img1.doubanio.com/view/movie_poster_cover/ipst/public/p2396908807.jpg",
			"url": "https://movie.douban.com/subject/26344999",
			"title": "锦绣未央",
			"isGetInfo": 2,
			"director": "李慧珠",
			"releaseDate": "2016-11-11(中国大陆)",
			"stars": [
				"唐嫣",
				"罗晋",
				"吴建豪",
				"毛晓彤",
				"李心艾",
				"徐薏雯",
				"张天阳",
				"陈钰琪",
				"梁振伦",
				"刘雪华",
				"田丽",
				"谭凯",
				"金瀚"
			],
			"runtime": 90,
			"votes": 18592,
			"type": [
				"剧情",
				"爱情",
				"古装"
			],
			"score": 4.8,
			"commoncount": 10073,
			"getTime": "2016-12-16 14:06:06"
		}, {
			"_id": "26834772",
			"cover": "https://img3.doubanio.com/view/movie_poster_cover/ipst/public/p2378119455.jpg",
			"url": "https://movie.douban.com/subject/26834772",
			"title": "我世界的中心 Die Mitte der Welt",
			"isGetInfo": 2,
			"director": "雅各布·莫里茨·阿尔瓦",
			"releaseDate": "2016-11-10(德国)",
			"stars": [
				"Inka Friedrich",
				"萨沙·亚历山大·吉尔萨克",
				"Thomas Goritzki",
				"路易斯·霍夫曼",
				"Svenja Jung",
				"妮娜·普罗尔",
				"Clemens Rehbein",
				"Jannik Schümann",
				"Ada Philine Stappenbeck",
				"Aurelie Thepaut",
				"莎宾·蒂莫提欧",
				"Nadja Zwanziger"
			],
			"runtime": 115,
			"votes": 0,
			"type": [
				"爱情",
				"同性",
				"家庭"
			],
			"score": 0,
			"commoncount": 200,
			"getTime": "2016-12-16 14:06:27"
		}, {
			"_id": "26870044",
			"rate": "5.1",
			"cover_x": 640,
			"is_beetle_subject": false,
			"title": "四平青年之浩哥大战古惑仔",
			"url": "https://movie.douban.com/subject/26870044/",
			"playable": true,
			"cover": "https://img1.doubanio.com/view/movie_poster_cover/lpst/public/p2381285989.jpg",
			"type": "热门",
			"cover_y": 827,
			"is_new": false,
			"isGetInfo": 2,
			"runtime": 83,
			"stars": [
				"张浩",
				"杜煜峰",
				"蓝波",
				"李野",
				"张厦",
				"何文辉",
				"吴志雄",
				"李修贤",
				"卢惠光",
				"朱永棠",
				"雷宇扬",
				"钟一宪"
			],
			"director": "张浩",
			"commoncount": 253,
			"releaseDate": "2016-11-07(中国大陆)",
			"score": 5.1,
			"votes": 718,
			"getTime": "2016-12-14 09:56:05"
		}, {
			"_id": "26358588",
			"cover": "https://img3.doubanio.com/view/movie_poster_cover/ipst/public/p2265645711.jpg",
			"url": "https://movie.douban.com/subject/26358588",
			"title": "咱们相爱吧",
			"isGetInfo": 2,
			"director": "刘江",
			"releaseDate": "2016-11-07(中国大陆)",
			"stars": [
				"张静初",
				"张歆艺",
				"秦岚",
				"袁弘",
				"明道",
				"张晞临",
				"奇道",
				"柳小海",
				"董维嘉",
				"杨青",
				"盖克",
				"马程程"
			],
			"runtime": 90,
			"votes": 3786,
			"type": [
				"剧情",
				"爱情"
			],
			"score": 6.2,
			"commoncount": 1595,
			"getTime": "2016-12-16 14:06:54"
		}, {
			"_id": "26617076",
			"rate": "7.2",
			"cover_x": 972,
			"is_beetle_subject": false,
			"title": "爱恋 Loving",
			"url": "https://movie.douban.com/subject/26617076/",
			"playable": true,
			"cover": "https://img3.doubanio.com/view/movie_poster_cover/lpst/public/p2352424380.jpg",
			"type": "热门",
			"cover_y": 1440,
			"is_new": true,
			"votes": 770,
			"score": 7.2,
			"runtime": 123,
			"releaseDate": "2016-11-04(美国)",
			"commoncount": 438,
			"stars": [
				"乔尔·埃哲顿",
				"鲁丝·内伽",
				"迈克尔·珊农",
				"马尔顿·索克斯",
				"尼克·克罗尔",
				"比尔·坎普",
				"大卫·詹森",
				"克里斯·格林",
				"迈克尔·阿伯特",
				"克里斯托弗·曼恩"
			],
			"director": "杰夫·尼克尔斯",
			"getTime": "2016-12-14 09:24:06",
			"isGetInfo": 2
		}, {
			"_id": "7065238",
			"rate": "7.6",
			"cover_x": 700,
			"is_beetle_subject": false,
			"title": "魔发精灵 Trolls",
			"url": "https://movie.douban.com/subject/7065238/",
			"playable": false,
			"cover": "https://img3.doubanio.com/view/movie_poster_cover/lpst/public/p2392222202.jpg",
			"type": "热门",
			"cover_y": 1031,
			"is_new": false,
			"isGetInfo": 2,
			"votes": 5571,
			"commoncount": 3188,
			"stars": [
				"贾斯汀·汀布莱克",
				"安娜·肯德里克",
				"佐伊·丹斯切尔",
				"詹姆斯·柯登",
				"克里斯汀·芭伦斯基",
				"拉塞尔·布兰德",
				"格温·斯蒂芬妮",
				"昆瑙·内亚",
				"杰弗里·塔伯"
			],
			"runtime": 93,
			"director": "迈克·米歇尔</a> / <a href=\"/celebrity/1363786/\" rel=\"v:directedBy\">沃尔特·道恩",
			"releaseDate": "2016-11-04(美国)",
			"score": 7.6,
			"getTime": "2016-12-14 09:42:15"
		}, {
			"_id": "26309430",
			"rate": "5.5",
			"cover_x": 847,
			"is_beetle_subject": false,
			"title": "光杆司令 Army of One",
			"url": "https://movie.douban.com/subject/26309430/",
			"playable": true,
			"cover": "https://img5.doubanio.com/view/movie_poster_cover/lpst/public/p2393346806.jpg",
			"type": "热门",
			"cover_y": 1200,
			"is_new": false,
			"isGetInfo": 2,
			"votes": 650,
			"score": 5.4,
			"director": "拉里·查尔斯",
			"stars": [
				"尼古拉斯·凯奇",
				"温迪·麦丽登·康薇",
				"拉塞尔·布兰德",
				"丹尼斯·欧哈拉",
				"肯·马里诺",
				"保罗·谢尔",
				"托比·哈格雷夫"
			],
			"runtime": 92,
			"releaseDate": "2016-11-04(美国)",
			"commoncount": 245,
			"getTime": "2016-12-14 12:02:35"
		}, {
			"_id": "26757373",
			"rate": "5.7",
			"cover_x": 840,
			"is_beetle_subject": false,
			"title": "捉迷藏",
			"url": "https://movie.douban.com/subject/26757373/",
			"playable": false,
			"cover": "https://img5.doubanio.com/view/movie_poster_cover/lpst/public/p2392969596.jpg",
			"type": [
				"悬疑",
				"惊悚",
				"犯罪"
			],
			"cover_y": 1200,
			"is_new": false,
			"isGetInfo": 2,
			"stars": [
				"霍建华",
				"秦海璐",
				"万茜",
				"春夏",
				"董子健"
			],
			"releaseDate": "2016-11-04(中国大陆)",
			"runtime": 105,
			"score": 5.5,
			"director": "刘杰",
			"votes": 13104,
			"commoncount": 7458,
			"getTime": "2016-12-15 16:22:50"
		}, {
			"_id": "26389466",
			"cover": "https://img5.doubanio.com/view/movie_poster_cover/ipst/public/p2389970856.jpg",
			"url": "https://movie.douban.com/subject/26389466",
			"title": "一句顶一万句",
			"isGetInfo": 2,
			"director": "刘雨霖",
			"releaseDate": "2016-11-04(中国大陆)",
			"stars": [
				"毛孩",
				"李倩",
				"刘蓓",
				"范伟",
				"李诺诺",
				"齐溪",
				"喻恩泰",
				"孙茜"
			],
			"runtime": 110,
			"votes": 3832,
			"type": [
				"剧情",
				"爱情",
				"家庭"
			],
			"score": 6.1,
			"commoncount": 2210,
			"getTime": "2016-12-16 14:07:27"
		}, {
			"_id": "26394684",
			"cover": "https://img3.doubanio.com/view/movie_poster_cover/ipst/public/p2382797701.jpg",
			"url": "https://movie.douban.com/subject/26394684",
			"title": "阿兰胡埃斯的美好日子 Les Beaux Jours d&#39;Aranjuez",
			"isGetInfo": 2,
			"director": "维姆·文德斯",
			"releaseDate": "2016-11-02(法国)",
			"stars": "勒达·卡代布",
			"runtime": 97,
			"votes": 50,
			"type": "爱情",
			"score": 5.5,
			"commoncount": 200,
			"getTime": "2016-12-16 14:14:36"
		}, {
			"_id": "24860318",
			"rate": "6.4",
			"cover_x": 8550,
			"is_beetle_subject": false,
			"title": "但丁密码 Inferno",
			"url": "https://movie.douban.com/subject/24860318/",
			"playable": false,
			"cover": "https://img3.doubanio.com/view/movie_poster_cover/lpst/public/p2388072933.jpg",
			"type": "热门",
			"cover_y": 11850,
			"is_new": false,
			"isGetInfo": 2,
			"commoncount": 14010,
			"votes": 30374,
			"stars": [
				"汤姆·汉克斯",
				"菲丽希缇·琼斯",
				"本·福斯特",
				"奥玛·赛",
				"伊尔凡·可汗",
				"西瑟·巴比特·科努德森",
				"安娜·乌拉鲁",
				"沃尔夫冈·施特格曼",
				"阿提拉·阿帕",
				"乔恩·多纳休"
			],
			"runtime": 122,
			"releaseDate": "2016-10-28(中国大陆/美国)",
			"score": 6.4,
			"director": "朗·霍华德",
			"getTime": "2016-12-14 09:29:17"
		}, {
			"_id": "26869052",
			"rate": "4.2",
			"cover_x": 4429,
			"is_beetle_subject": false,
			"title": "小明和他的小伙伴们",
			"url": "https://movie.douban.com/subject/26869052/",
			"playable": false,
			"cover": "https://img3.doubanio.com/view/movie_poster_cover/lpst/public/p2382206861.jpg",
			"type": "热门",
			"cover_y": 6201,
			"is_new": false,
			"isGetInfo": 2,
			"votes": 1134,
			"score": 4.2,
			"director": "王鑫",
			"stars": [
				"乔杉",
				"许君聪",
				"费伟妮",
				"卢野",
				"骆佳",
				"张瑞宇",
				"孔祥月",
				"周梓航",
				"孙建弘",
				"赵曼竹",
				"崔成国"
			],
			"runtime": 96,
			"releaseDate": "2016-10-28(中国大陆)",
			"commoncount": 593,
			"getTime": "2016-12-14 12:02:58"
		}, {
			"_id": "26880771",
			"rate": "3.6",
			"cover_x": 1772,
			"is_beetle_subject": false,
			"title": "枕边有张脸2",
			"url": "https://movie.douban.com/subject/26880771/",
			"playable": true,
			"cover": "https://img3.doubanio.com/view/movie_poster_cover/lpst/public/p2392784794.jpg",
			"type": [
				"悬疑",
				"惊悚"
			],
			"cover_y": 2481,
			"is_new": false,
			"isGetInfo": 2,
			"director": "赵小溪",
			"score": 3.4,
			"commoncount": 297,
			"votes": 416,
			"releaseDate": "2016-10-28(中国大陆)",
			"stars": [
				"赵慧仙",
				"田家大",
				"胡睿",
				"陈野",
				"薛闻君",
				"郭慧",
				"王聃葳",
				"李兰迪",
				"吴甜甜"
			],
			"runtime": 90,
			"getTime": "2016-12-15 17:33:42"
		}, {
			"_id": "25827935",
			"rate": "7.6",
			"cover_x": 644,
			"is_beetle_subject": false,
			"title": "七月与安生",
			"url": "https://movie.douban.com/subject/25827935/",
			"playable": true,
			"cover": "https://img3.doubanio.com/view/movie_poster_cover/lpst/public/p2378140502.jpg",
			"type": "热门",
			"cover_y": 900,
			"is_new": false,
			"runtime": 109,
			"commoncount": 73430,
			"score": 7.6,
			"releaseDate": "2016-10-27(香港)",
			"stars": [
				"周冬雨",
				"马思纯",
				"李程彬",
				"李萍",
				"蔡纲",
				"蒙亭宜",
				"沙全泽",
				"姚欣言",
				"李昊芳",
				"蒋亭轩"
			],
			"director": "曾国祥",
			"votes": 152760,
			"getTime": "2016-12-14 09:21:46",
			"isGetInfo": 2
		}, {
			"_id": "26614086",
			"cover": "https://img3.doubanio.com/view/movie_poster_cover/ipst/public/p2349944523.jpg",
			"url": "https://movie.douban.com/subject/26614086",
			"title": "美人为馅",
			"isGetInfo": 2,
			"director": "李达超",
			"releaseDate": "2016-10-24(中国大陆)",
			"stars": [
				"杨蓉",
				"白宇",
				"张逸杰",
				"米热",
				"戚迹",
				"何奉天",
				"王雨",
				"初俊辰",
				"田牧宸",
				"南伏龙",
				"任嘉伦",
				"白梓轩",
				"高雨儿",
				"赵顺然",
				"李庚",
				"孙骁骁",
				"赵弈钦",
				"海铃",
				"梦秦",
				"陈昊宇",
				"邓莎"
			],
			"runtime": 90,
			"votes": 14676,
			"type": [
				"爱情",
				"悬疑"
			],
			"score": 5.5,
			"commoncount": 7515,
			"getTime": "2016-12-16 14:07:55"
		}, {
			"_id": "26345137",
			"cover": "https://img1.doubanio.com/view/movie_poster_cover/ipst/public/p2395633229.jpg",
			"url": "https://movie.douban.com/subject/26345137",
			"title": "如果蜗牛有爱情",
			"isGetInfo": 2,
			"director": "张开宙",
			"releaseDate": "2016-10-24(中国大陆)",
			"stars": [
				"王凯",
				"王子文",
				"徐悦",
				"于恒",
				"赵圆瑗",
				"武笑羽",
				"张棪琰",
				"张晓谦",
				"蒋冰",
				"霍亚明",
				"焦体怡",
				"江森",
				"张陆",
				"李龙君",
				"王禹铮",
				"张野",
				"米特",
				"李培铭",
				"蔡珩",
				"谭希和",
				"王永强",
				"延翔"
			],
			"runtime": 90,
			"votes": 30327,
			"type": [
				"剧情",
				"爱情",
				"悬疑"
			],
			"score": 7.6,
			"commoncount": 14251,
			"getTime": "2016-12-16 14:08:22"
		}, {
			"_id": "26602794",
			"rate": "6.0",
			"cover_x": 675,
			"is_beetle_subject": false,
			"title": "死亡占卜2：恶灵始源 Ouija: Origin of Evil",
			"url": "https://movie.douban.com/subject/26602794/",
			"playable": true,
			"cover": "https://img3.doubanio.com/view/movie_poster_cover/lpst/public/p2391942994.jpg",
			"type": "热门",
			"cover_y": 1000,
			"is_new": false,
			"isGetInfo": 2,
			"releaseDate": "2016-10-21(英国)",
			"commoncount": 453,
			"stars": [
				"安娜丽丝·巴索",
				"伊莉莎白·里瑟",
				"露露·威尔逊",
				"亨利·托马斯",
				"帕克·马克",
				"道格·琼斯",
				"切斯拉·冈萨雷兹",
				"林肯·梅尔彻",
				"尼可拉斯·肯南",
				"迈克尔·韦弗",
				"艾利·凯特斯",
				"伊芙·戈登",
				"查德·赫弗芬格",
				"妮娜·曼斯克",
				"约翰·普洛斯凯"
			],
			"director": "迈克·弗拉纳根",
			"score": 6,
			"votes": 1075,
			"runtime": 99,
			"getTime": "2016-12-14 10:23:57"
		}, {
			"_id": "25862560",
			"rate": "7.0",
			"cover_x": 2701,
			"is_beetle_subject": false,
			"title": "真相背后 The Whole Truth",
			"url": "https://movie.douban.com/subject/25862560/",
			"playable": false,
			"cover": "https://img3.doubanio.com/view/movie_poster_cover/lpst/public/p2392537011.jpg",
			"type": "热门",
			"cover_y": 4000,
			"is_new": false,
			"isGetInfo": 2,
			"votes": 2028,
			"commoncount": 749,
			"stars": [
				"基努·里维斯",
				"蕾妮·泽尔维格",
				"古古·姆巴塔-劳",
				"詹姆斯·贝鲁什",
				"肯尼斯·崔",
				"加布里埃尔·巴索",
				"克里斯托弗·贝瑞",
				"埃里卡·麦克德莫特",
				"劳拉·格赖斯"
			],
			"runtime": 93,
			"director": "科特妮·亨特",
			"releaseDate": "2016-10-21(美国)",
			"score": 7,
			"getTime": "2016-12-14 09:41:55"
		}, {
			"_id": "26647011",
			"rate": "5.2",
			"cover_x": 1350,
			"is_beetle_subject": false,
			"title": "王蛇帝国 King Cobra",
			"url": "https://movie.douban.com/subject/26647011/",
			"playable": false,
			"cover": "https://img3.doubanio.com/view/movie_poster_cover/lpst/public/p2384414180.jpg",
			"type": "热门",
			"cover_y": 2000,
			"is_new": false,
			"isGetInfo": 2,
			"releaseDate": "2016-10-21(美国)",
			"votes": 668,
			"score": 5.2,
			"director": "贾斯汀·凯利",
			"stars": [
				"詹姆斯·弗兰科",
				"克里斯蒂安·史莱特",
				"凯加·艾伦",
				"加勒特·克莱顿",
				"莫利·林沃德",
				"艾丽西亚·希尔维斯通"
			],
			"runtime": 91,
			"commoncount": 342,
			"getTime": "2016-12-14 11:56:31"
		}, {
			"_id": "26779151",
			"rate": "5.3",
			"cover_x": 675,
			"is_beetle_subject": false,
			"title": "恐惧有限公司 Fear, Inc",
			"url": "https://movie.douban.com/subject/26779151/",
			"playable": false,
			"cover": "https://img3.doubanio.com/view/movie_poster_cover/lpst/public/p2387220092.jpg",
			"type": "热门",
			"cover_y": 1000,
			"is_new": false,
			"isGetInfo": 2,
			"director": "文森特·玛斯索尔",
			"commoncount": 250,
			"score": 5.3,
			"votes": 633,
			"stars": [
				"卢卡斯·内夫",
				"凯特琳·斯塔西",
				"克里斯·马奎特",
				"斯蒂芬妮·德雷克",
				"马克·摩斯",
				"阿比盖尔·布蕾斯琳",
				"理查德·雷西尔",
				"帕特里克·瑞纳",
				"娜奥米·格罗斯曼",
				"莱斯利·乔丹",
				"埃里克·兰格",
				"罗尼·吉恩·贝尔维斯",
				"戴维·尤里",
				"艾什琳恩·叶尼",
				"马龙·杨"
			],
			"releaseDate": "2016-10-21(美国)",
			"runtime": 90,
			"getTime": "2016-12-14 12:15:19"
		}, {
			"_id": "26845362",
			"rate": "6.5",
			"cover_x": 509,
			"is_beetle_subject": false,
			"title": "深海逃生 47 Meters Down",
			"url": "https://movie.douban.com/subject/26845362/",
			"playable": false,
			"cover": "https://img3.doubanio.com/view/movie_poster_cover/lpst/public/p2370013000.jpg",
			"type": "热门",
			"cover_y": 755,
			"is_new": false,
			"isGetInfo": 2,
			"votes": 1495,
			"score": 6.5,
			"director": "约翰内斯·罗伯茨",
			"stars": [
				"马修·莫迪恩",
				"曼迪·摩尔",
				"克莱尔·霍尔特",
				"圣地亚哥·瑟古拉",
				"雅尼·吉尔曼",
				"克里斯·J.约翰逊",
				"Axel Mansilla"
			],
			"runtime": 87,
			"releaseDate": "2016-10-20(希腊)",
			"commoncount": 617,
			"getTime": "2016-12-14 11:57:47"
		}, {
			"_id": "26737483",
			"rate": "6.3",
			"cover_x": 770,
			"is_beetle_subject": false,
			"title": "特殊嫌疑犯",
			"url": "https://movie.douban.com/subject/26737483/",
			"playable": true,
			"cover": "https://img3.doubanio.com/view/movie_poster_cover/lpst/public/p2392103274.jpg",
			"type": [
				"剧情",
				"悬疑",
				"犯罪"
			],
			"cover_y": 1080,
			"is_new": true,
			"isGetInfo": 2,
			"stars": [
				"孙雪岩",
				"万希",
				"麻郡宜",
				"周广真",
				"周雪珍"
			],
			"releaseDate": "2016-10-16(中国大陆)",
			"runtime": 71,
			"score": 6.2,
			"director": "余庆",
			"votes": 411,
			"commoncount": 196,
			"getTime": "2016-12-15 16:01:25"
		}, {
			"_id": "26322816",
			"rate": "6.1",
			"cover_x": 2025,
			"is_beetle_subject": false,
			"title": "印第安纳波利斯号：勇者无惧 USS Indianapolis: Men of Courage",
			"url": "https://movie.douban.com/subject/26322816/",
			"playable": false,
			"cover": "https://img1.doubanio.com/view/movie_poster_cover/lpst/public/p2363235768.jpg",
			"type": "热门",
			"cover_y": 3000,
			"is_new": false,
			"isGetInfo": 2,
			"releaseDate": "2016-10-14(美国)",
			"votes": 844,
			"score": 6.1,
			"director": "马里奥·范·皮布尔斯",
			"stars": [
				"尼古拉斯·凯奇",
				"汤姆·塞兹摩尔",
				"托马斯·简",
				"马特·兰特尔",
				"詹姆斯·瑞马尔",
				"布莱恩·普莱斯列",
				"艾米丽·坦南特",
				"亚当·思格特·米勒",
				"柯迪·沃克",
				"竹内东"
			],
			"runtime": 128,
			"commoncount": 336,
			"getTime": "2016-12-14 10:34:09"
		}, {
			"_id": "26341593",
			"rate": "6.8",
			"cover_x": 2025,
			"is_beetle_subject": false,
			"title": "某种女人 Certain Women",
			"url": "https://movie.douban.com/subject/26341593/",
			"playable": false,
			"cover": "https://img3.doubanio.com/view/movie_poster_cover/lpst/public/p2377773915.jpg",
			"type": "热门",
			"cover_y": 3000,
			"is_new": false,
			"isGetInfo": 2,
			"releaseDate": "2016-10-14(美国)",
			"votes": 850,
			"score": 6.8,
			"director": "凯莉·雷查德",
			"stars": [
				"克里斯汀·斯图尔特",
				"米歇尔·威廉姆斯",
				"劳拉·邓恩",
				"杰瑞德·哈里斯",
				"詹姆斯·勒格罗",
				"雷内·奥博诺伊斯",
				"莉莉·格莱斯顿",
				"约翰·盖兹",
				"阿什莉·阿特金森",
				"詹姆斯·乔丹",
				"马特·麦克蒂赫"
			],
			"runtime": 107,
			"commoncount": 446,
			"getTime": "2016-12-14 10:34:52"
		}, {
			"_id": "26329796",
			"rate": "7.2",
			"cover_x": 950,
			"is_beetle_subject": false,
			"title": "幸运钥匙 럭키",
			"url": "https://movie.douban.com/subject/26329796/",
			"playable": false,
			"cover": "https://img3.doubanio.com/view/movie_poster_cover/lpst/public/p2378731382.jpg",
			"type": "热门",
			"cover_y": 1361,
			"is_new": false,
			"isGetInfo": 2,
			"releaseDate": "2016-10-13(韩国)",
			"score": 7.2,
			"votes": 4823,
			"commoncount": 1921,
			"stars": [
				"柳海真",
				"李准",
				"赵允熙",
				"林智妍",
				"全慧彬",
				"李东辉"
			],
			"runtime": 112,
			"director": "李桂碧",
			"getTime": "2016-12-14 09:25:45"
		}, {
			"_id": "26752337",
			"rate": "7.4",
			"cover_x": 1500,
			"is_beetle_subject": false,
			"title": "春梦 춘몽",
			"url": "https://movie.douban.com/subject/26752337/",
			"playable": false,
			"cover": "https://img3.doubanio.com/view/movie_poster_cover/lpst/public/p2382802813.jpg",
			"type": "热门",
			"cover_y": 2145,
			"is_new": false,
			"isGetInfo": 2,
			"votes": 1309,
			"commoncount": 678,
			"stars": [
				"梁益准",
				"尹钟彬",
				"朴庭凡",
				"韩艺礼",
				"申敏儿",
				"柳演锡",
				"金义城",
				"金太勋",
				"赵达焕"
			],
			"runtime": 101,
			"director": "张律",
			"releaseDate": "2016-10-13(韩国)",
			"score": 7.4,
			"getTime": "2016-12-14 09:39:18"
		}, {
			"_id": "26279124",
			"rate": "7.5",
			"cover_x": 4127,
			"is_beetle_subject": false,
			"title": "新哥斯拉 シン・ゴジラ",
			"url": "https://movie.douban.com/subject/26279124/",
			"playable": false,
			"cover": "https://img1.doubanio.com/view/movie_poster_cover/lpst/public/p2371512648.jpg",
			"type": "热门",
			"cover_y": 5839,
			"is_new": false,
			"isGetInfo": 2,
			"votes": 7493,
			"commoncount": 3459,
			"stars": [
				"长谷川博己",
				"竹野内丰",
				"石原里美",
				"高良健吾",
				"大杉涟",
				"柄本明",
				"市川实日子",
				"余贵美子",
				"国村隼",
				"斋藤工",
				"古田新太",
				"前田敦子",
				"三浦贵大",
				"高桥一生",
				"小出惠介",
				"片桐入",
				"犬童一心",
				"手塚通",
				"皮埃尔泷"
			],
			"runtime": 119,
			"director": "庵野秀明</a> / <a href=\"/celebrity/1051346/\" rel=\"v:directedBy\">樋口真嗣",
			"releaseDate": "2016-10-11(美国)",
			"score": 6.7,
			"getTime": "2016-12-14 09:40:18"
		}, {
			"_id": "25953430",
			"rate": "7.4",
			"cover_x": 1000,
			"is_beetle_subject": false,
			"title": "雅多维尔围城战 The Siege of Jadotville",
			"url": "https://movie.douban.com/subject/25953430/",
			"playable": false,
			"cover": "https://img1.doubanio.com/view/movie_poster_cover/lpst/public/p2391144568.jpg",
			"type": "热门",
			"cover_y": 1600,
			"is_new": false,
			"isGetInfo": 2,
			"runtime": 108,
			"stars": [
				"詹米·多南",
				"马克·斯特朗",
				"杰森·奥玛拉",
				"艾玛纽尔·塞尼耶",
				"吉约姆·卡内",
				"米卡埃尔·佩斯布兰特",
				"菲奥娜·格拉斯科特",
				"山姆·基利",
				"迈克尔·麦克埃尔哈顿",
				"丹尼·萨帕尼",
				"罗南·拉夫特瑞",
				"Charles Kelly",
				"Conor Quinlan",
				"Conor MacNeill",
				"Fionn O'Shea"
			],
			"director": "里奇·斯迈斯",
			"commoncount": 761,
			"releaseDate": "2016-10-07(美国)",
			"score": 7.4,
			"votes": 2233,
			"getTime": "2016-12-14 10:16:43"
		}, {
			"_id": "26903184",
			"rate": "6.1",
			"cover_x": 605,
			"is_beetle_subject": false,
			"title": "互换青春 The Swap",
			"url": "https://movie.douban.com/subject/26903184/",
			"playable": false,
			"cover": "https://img5.doubanio.com/view/movie_poster_cover/lpst/public/p2393481516.jpg",
			"type": "热门",
			"cover_y": 915,
			"is_new": false,
			"isGetInfo": 2,
			"releaseDate": "2016-10-07(美国)",
			"votes": 1000,
			"score": 6,
			"director": "杰伊·卡拉斯",
			"stars": [
				"佩顿·李斯特",
				"雅各布·贝特兰德",
				"克莱尔·兰金",
				"达林·罗斯",
				"卡伦·波特",
				"杰西·博斯蒂克",
				"基亚娜·马德拉",
				"伊莲娜·琼斯",
				"迪文·妮科塔"
			],
			"runtime": 100,
			"commoncount": 392,
			"getTime": "2016-12-14 11:49:10"
		}, {
			"_id": "26388555",
			"cover": "https://img3.doubanio.com/view/movie_poster_cover/ipst/public/p2374617643.jpg",
			"url": "https://movie.douban.com/subject/26388555",
			"title": "一万公里的约定 一萬公里的約定",
			"isGetInfo": 2,
			"director": "洪昇扬",
			"releaseDate": "2016-10-07(台湾)",
			"stars": [
				"赖雅妍",
				"黄远",
				"程予希",
				"王大陆"
			],
			"runtime": 103,
			"votes": 0,
			"type": "剧情",
			"score": 0,
			"commoncount": 47,
			"getTime": "2016-12-16 14:08:40"
		}, {
			"_id": "26713504",
			"rate": "8.1",
			"cover_x": 1300,
			"is_beetle_subject": false,
			"title": "酒神小姐 죽여주는 여자",
			"url": "https://movie.douban.com/subject/26713504/",
			"playable": false,
			"cover": "https://img3.doubanio.com/view/movie_poster_cover/lpst/public/p2376084941.jpg",
			"type": "热门",
			"cover_y": 1856,
			"is_new": true,
			"votes": 2244,
			"score": 8.2,
			"runtime": 111,
			"releaseDate": "2016-10-06(韩国)",
			"commoncount": 953,
			"stars": [
				"尹汝贞",
				"全茂松",
				"尹继尚"
			],
			"director": "李在容",
			"getTime": "2016-12-14 09:23:15",
			"isGetInfo": 2
		}, {
			"_id": "26746381",
			"rate": "7.0",
			"cover_x": 1024,
			"is_beetle_subject": false,
			"title": "网 그물",
			"url": "https://movie.douban.com/subject/26746381/",
			"playable": false,
			"cover": "https://img3.doubanio.com/view/movie_poster_cover/lpst/public/p2379820842.jpg",
			"type": "热门",
			"cover_y": 1464,
			"is_new": false,
			"isGetInfo": 2,
			"runtime": 114,
			"stars": [
				"柳昇范",
				"李源根",
				"安智慧",
				"崔奎华"
			],
			"director": "金基德",
			"commoncount": 602,
			"releaseDate": "2016-10-06(韩国)",
			"score": 7,
			"votes": 1361,
			"getTime": "2016-12-14 10:05:31"
		}, {
			"_id": "26385490",
			"cover": "https://img1.doubanio.com/view/movie_poster_cover/ipst/public/p2379494709.jpg",
			"url": "https://movie.douban.com/subject/26385490",
			"title": "联合王国 A United Kingdom",
			"isGetInfo": 2,
			"director": "阿马·阿桑特",
			"releaseDate": "2016-10-05(BFI伦敦电影节)",
			"stars": [
				"大卫·奥伊罗",
				"裴淳华",
				"汤姆·费尔顿",
				"劳拉·卡尔迈克尔",
				"杰克·达文波特",
				"夏洛特·霍普",
				"杰克·劳登",
				"杰西卡·奥伊罗",
				"尼古拉斯·林德赫斯特",
				"詹姆斯·诺斯科特",
				"梅尔维·卢克巴",
				"Arnold Oceng",
				"格拉姆·柯里"
			],
			"runtime": 90,
			"votes": 39,
			"type": "剧情",
			"score": 6.9,
			"commoncount": 19,
			"getTime": "2016-12-16 14:08:57"
		}, {
			"_id": "26887890",
			"rate": "8.5",
			"cover_x": 770,
			"is_beetle_subject": false,
			"title": "小戏骨：白蛇传",
			"url": "https://movie.douban.com/subject/26887890/",
			"playable": true,
			"cover": "https://img3.doubanio.com/view/movie_poster_cover/lpst/public/p2388405913.jpg",
			"type": "热门",
			"cover_y": 1080,
			"is_new": false,
			"isGetInfo": 2,
			"runtime": 88,
			"stars": [
				"陶奕希",
				"周芷莹",
				"刘戴恩",
				"钟奕儿",
				"陈禹衡",
				"李俊豪",
				"李欣怡",
				"罗自豪",
				"李平波",
				"喻峰",
				"彭楚雅",
				"胡轶珂",
				"陈荣达",
				"姚雯佳"
			],
			"director": "潘礼平</a> / <a href=\"/celebrity/1363207/\" rel=\"v:directedBy\">陆剑梅</a> / <a href=\"/celebrity/1363208/\" rel=\"v:directedBy\">刘玉洁",
			"commoncount": 4798,
			"releaseDate": "2016-10-02(中国大陆)",
			"score": 8.5,
			"votes": 8943,
			"getTime": "2016-12-14 10:06:38"
		}, {
			"_id": "26765310",
			"rate": "4.8",
			"cover_x": 5953,
			"is_beetle_subject": false,
			"title": "铠甲勇士捕王",
			"url": "https://movie.douban.com/subject/26765310/",
			"playable": false,
			"cover": "https://img1.doubanio.com/view/movie_poster_cover/lpst/public/p2382080217.jpg",
			"type": "热门",
			"cover_y": 8315,
			"is_new": false,
			"isGetInfo": 2,
			"director": "郑国伟",
			"commoncount": 333,
			"score": 5.1,
			"votes": 559,
			"stars": [
				"赖艺",
				"王畅唱",
				"曲澔濬",
				"于小凌",
				"戴鑫龙",
				"刘俐嘉",
				"贾如",
				"张子夜",
				"王永峰",
				"王鹏轩"
			],
			"releaseDate": "2016-10-02(中国大陆)",
			"runtime": 86,
			"getTime": "2016-12-14 12:18:44"
		}, {
			"_id": "20513079",
			"cover": "https://img3.doubanio.com/f/shire/a6980e5630cd9e11715c14fb2ca2bd0cc9abee4b/pics/movie-default-small.gif",
			"url": "https://movie.douban.com/subject/20513079",
			"title": "林徽因",
			"isGetInfo": 2,
			"director": "张艾嘉",
			"releaseDate": "2016-10-01",
			"stars": [
				"桂纶镁",
				"梁朝伟"
			],
			"runtime": 120,
			"votes": 0,
			"type": [
				"爱情",
				"传记"
			],
			"score": 0,
			"commoncount": 14,
			"getTime": "2016-12-16 14:09:14"
		}
	]
}