	{
		"name": "郑州",
 		"totalValue":364237,
  		"totalItem":[100, 25077, 6.9, 339160, 93.1], 
		"data":[
			{
				"name": "A",
				"totalValue": 358088,
				"totalItem":[98.3, 21537, 6.0, 336551, 94.0],
				"data":[
					{
						"name":"CAA",
						"totalValue": 0,
						"totalItem": [],
						"data":[
							{
								"name":"iDPBG",
								"totalValue": 271913,
								"item":[74.7, 6546, 2.4, 265367, 97.6]
							},
							{
								"name": "iPEBG",
								"totalValue": 84289,
								"item": [23.1, 13628, 16.2, 70661, 83.8]
							},
							{
								"name": "自动化设备",
								"totalValue": 447,
								"item": [0.12, 421, 94.2, 26, 5.8]
							}
						]
					}
				]
			},
			{
				"name": "C",
				"totalValue": 0,
				"totalItem":[],
				"data":[
					{
						"name": "SHZBG",
						"totalValue": 1150,
						"item": [0.3, 1013, 88.1, 137, 11.9]
					}
				]
			},
			{
				"name": "D",
				"totalValue": 0,
				"totalItem":[],
				"data":[
					{
						"name": "New PCEBG",
						"totalValue": 104,
						"item": [0.03, 44, 42.3, 60, 57.7]
					}
				]
			},
			{
				"name": "J",
				"totalValue": 1820,
				"totalItem":[0.5, 1302, 71.5, 518, 28.5],
				"data":[
					{
						"name": "郑州周边",
						"totalValue": 1162,
						"item": [0.3, 1016, 87.4, 146, 12.6]
					},
					{
						"name": "准时达",
						"totalValue": 658,
						"item": [0.2, 286, 43.5, 372, 56.5]
					}
				]
			}
		]
	}