[
	{
		"name": "营口",
		"label": {
			"normal": {
				"position": "top"
			}
		},
		"value": 1
	},
	{
		"name": "秦皇岛",
		"label": {
			"normal": {
				"position": "top"
			}
		},
		"value": 15
	},
	{
		"name": "北京",
		"label": {
			"normal": {
				"position": "top"
			}
		},
		"value": 3
	},
	{
		"name": "廊坊",
		"label": {
			"normal": {
				"position": "right",
				"offset": [4, 0]
			}
		},
		"value": 43
	},
	{
		"name": "天津",
		"label": {
			"normal": {
				"position": "left",
				"offset": [0, 10]
			}
		},
		"value": 12
	},
	{
		"name": "烟台",
		"label": {
			"normal": {
				"position": "bottom"
			}
		},
		"value": 32
	},
	{
		"name": "太原",
		"label": {
			"normal": {
				"position": "right"
			}
		},
		"value": 90
	},
	{
		"name": "鹤壁",
		"label": {
			"normal": {
				"position": "top"
			}
		},
		"value": 6
	},
	{
		"name": "濮阳",
		"label": {
			"normal": {
				"position": "right"
			}
		},
		"value": 0.08
	},
	{
		"name": "晋城",
		"label": {
			"normal": {
				"position": "top",
				"offset": [-4, 0]
			}
		},
		"value": 36
	},
	{
		"name": "济源",
		"label": {
			"normal": {
				"position": "left"
			}
		},
		"value": 32
	},
	{
		"name": "兰考",
		"label": {
			"normal": {
				"position": "bottom"
			}
		},
		"value": 4
	},
	{
		"name": "郑州",
		"label": {
			"normal": {
				"position": "bottom",
				"offset": [-4, 0]
			}
		},
		"value": 364
	},
	{
		"name": "南阳",
		"label": {
			"normal": {
				"position": "left"
			}
		},
		"value": 0.06
	},
	{
		"name": "西安",
		"label": {
			"normal": {
				"position": "left"
			}
		},
		"value": 0.02
	},
	{
		"name": "成都",
		"value": 80
	},
	{
		"name": "重庆",
		"label": {
			"normal": {
				"position": "top"
			}
		},
		"value": 19
	},
	{
		"name": "武汉",
		"value": 17
	},
	{
		"name": "安庆",
		"value": 0.5
	},
	{
		"name": "贵阳",
		"label": {
			"normal": {
				"position": "top"
			}
		},
		"value": 18
	},
	{
		"name": "凯里",
		"label": {
			"normal": {
				"position": "bottom"
			}
		},
		"value": 0.2
	},
	{
		"name": "长沙",
		"label": {
			"normal": {
				"position": "left"
			}
		},
		"value": 0.1
	},
	{
		"name": "衡阳",
		"label": {
			"normal": {
				"position": "right"
			}
		},
		"value": 11
	},
	{
		"name": "南宁",
		"value": 22
	},
	{
		"name": "广州",
		"label": {
			"normal": {
				"position": "top",
				"offset": [-10, 0]
			}
		},
		"value": 0.05
	},
	{
		"name": "东莞",
		"label": {
			"normal": {
				"position": "top",
				"offset": [6, 0]
			}
		},
		"value": 0.3
	},
	{
		"name": "惠州",
		"label": {
			"normal": {
				"position": "right"
			}
		},
		"value": 2
	},
	{
		"name": "深圳",
		"label": {
			"normal": {
				"position": "bottom"
			}
		},
		"value": 337
	},
	{
		"name": "佛山",
		"label": {
			"normal": {
				"position": "left"
			}
		},
		"value": 13
	},
	{
		"name": "中山",
		"label": {
			"normal": {
				"position": "left",
				"offset": [0, 10]
			}
		},
		"value": 2
	},
	{
		"name": "淮安",
		"label": {
			"normal": {
				"position": "top"
			}
		},
		"value": 17
	},
	{
		"name": "无锡",
		"label": {
			"normal": {
				"position": "top",
				"offset": [-4, 0]
			}
		},
		"value": 0.2
	},
	{
		"name": "南京",
		"label": {
			"normal": {
				"position": "left"
			}
		},
		"value": 7
	},
	{
		"name": "昆山",
		"label": {
			"normal": {
				"position": "right",
				"offset": [-5, -15]
			}
		},
		"value": 32
	},
	{
		"name": "嘉善",
		"label": {
			"normal": {
				"position": "left",
				"offset": [0, 0]
			}
		},
		"value": 7
	},
	{
		"name": "上海",
		"label": {
			"normal": {
				"position": "right",
				"offset": [0, 10]
			}
		},
		"value": 6
	},
	{
		"name": "杭州",
		"value": 0.8
	},
	{
		"name": "宁波",
		"value": 11
	}
]