[
	{
		"name": "华南",
		"totalValue": 378,
		"totalItem":[210, 197, 13, 22, 26, 8, 6, 48, 2, 5, 14, 28, 9, 0],
		"data": [
			{
				"name": "深圳",
				"totalValue": 337,
				"totalItem": [205, 194, 11, 22, 24, 8, 1, 28, 2, 5, 5, 28, 9, 0],
				"data": [
					{
						"name": "龙华",
						"totalValue": 169,
						"item":[76, 66, 10, 22, 15, 6, 1, 27, 2, 5, 5, 0.3,9, 0]
					},
					{
						"name": "松岗",
						"totalValue": 145,
						"item":[128, 128, 0, 0, 9, 0, 0, 1, 0, 0.5, 0, 7, 0, 0]
					},
					{
						"name": "观澜",
						"totalValue": 21,
						"item":[0, 0, 0, 0, 0, 0, 0.01, 0, 0, 0, 0, 21, 0, 0]
					},
					{
						"name": "福田",
						"totalValue": 3,
						"item":[1, 0, 1, 1, 0, 2, 0, 0, 0, 0, 0, 0, 0, 0]
					}
				]
			},
			{
				"name": "南宁",
				"totalValue": 22,
				"item":[0, 0, 0, 0, 0.1, 0, 1, 20, 0, 0.2, 0, 0, 0, 0]
			},
			{
				"name": "佛山",
				"totalValue": 13,
				"item":[0, 0, 0, 0, 0.1, 0, 4, 0, 0, 0.01, 8, 0, 0, 0]
			}
		]
	},
	{
		"name": "华北",
		"totalValue": 232,
		"totalItem": [205, 194, 11, 22, 24, 8, 1, 28, 2, 5, 5, 28, 9, 0],
		"data": [
			{
				"name": "太原",
				"totalValue": 90,
				"item":[87, 87, 0, 0, 2, 0.01, 0.01, 0, 0, 0.2, 0, 0, 0, 0]
			},
			{
				"name": "廊坊",
				"totalValue": 200,
				"item":[42, 28, 14, 0, 0.4, 0, 0, 0, 0, 0.03, 0, 0, 0, 0]
			},
			{
				"name": "深圳",
				"totalValue": 198,
				"totalItem": [205, 194, 11, 22, 24, 8, 1, 28, 2, 5, 5, 28, 9, 0],
				"data": [
					{
						"name": "龙华",
						"totalValue": 169,
						"item":[76, 66, 10, 22, 15, 6, 1, 27, 2, 5, 5, 0.3,9, 0]
					},
					{
						"name": "松岗",
						"totalValue": 145,
						"item":[128, 128, 0, 0, 9, 0, 0, 1, 0, 0.5, 0, 7, 0, 0]
					},
					{
						"name": "观澜",
						"totalValue": 21,
						"item":[0, 0, 0, 0, 0, 0, 0.01, 0, 0, 0, 0, 21, 0, 0]
					},
					{
						"name": "福田",
						"totalValue": 3,
						"item":[1, 0, 1, 1, 0, 2, 0, 0, 0, 0, 0, 0, 0, 0]
					}
				]
			}
		]
	},
	{
		"name": "华东",
		"totalValue": 82,
		"totalItem": [0.7, 0.3, 0.4, 0.1, 23, 1, 3, 5, 0, 0.3, 19, 28, 0, 0.3],
		"data": [
			{
				"name": "昆山",
				"totalValue": 32,
				"item":[0.02, 0.02, 0, 0.1, 15, 1, 3, 0.01, 0.01, 0.1, 0, 12, 0, 0.3]
			},
			{
				"name": "上海",
				"totalValue": 6,
				"item":[0, 0, 0, 0, 0, 0, 0, 4, 0, 0.1, 2, 0, 0, 0]
			}
		]
	},
	{
		"name": "华中",
		"totalValue": 435,
		"totalItem": [400, 400, 0, 0.1, 6, 15, 0.1, 0.1, 8, 2, 0, 3, 0, 0],
		"data": [
			{
				"name": "郑州",
				"totalValue": 364,
				"item":[358, 358, 0, 0, 1, 0.1, 0, 0.1, 0.2, 2, 0, 3, 0, 0]
			},
			{
				"name": "武汉",
				"totalValue": 17,
				"item":[0.01, 0.01, 0, 0, 1, 15, 0, 0, 0, 0.2, 0, 0, 0, 0]
			}
		]
	},
	{
		"name": "西北",
		"totalValue": 0.02,
		"totalItem": [],
		"data": [
			{
				"name": "西安",
				"totalValue": 0.02,
				"item":[0, 0, 0, 0, 0, 0, 0, 0, 0.02, 0, 0, 0, 0, 0]
			}
		]
	},
	{
		"name": "东北",
		"totalValue": 1,
		"totalItem": [],
		"data": [
			{
				"name": "营口",
				"totalValue": 1,
				"item":[0, 0, 0, 0, 0, 0, 0, 0, 0, 0, 0, 1, 0, 0]
			}
		]
	}
]