{	
	"time": "2017年10月30日",
	"totalValue": 1344, 
	"totalItem":[1, 2, 3, 4, 5, 6, 7, 8, 9, 10, 11, 12, 13, 14],
	"data":[
		{ 
			"name":"華南",
	 		"totalValue":364,
	  		"totalItem":[184,171,13,22,38,8,6,49,2,6,13,27,9,0], 
	  		"data":[
				{ 
				"name":"深圳",
				"totalValue":325, 
				"totalItem":[180,169,11,22,36,8,1,29,2,6,5,27,9,0], 
				"data":[
					{ 
						"name":"龍華", 
						"totalValue":163, 
						"item":[59,49,10,21,27,6,1,28,2,5,5,0.3,9,0]
					},
					{ 
						"name":"觀瀾", 
						"totalValue":137, 
						"item":[120,120,0,0,9,0,0,0.9,0,0.5,0,7,0,0]
					},
					{ 
						"name":"松崗", 
						"totalValue":20, 
						"item":[0,0,0,0,0,0,0.01,0,0,0,0,20,0,0]
					},
					{
					 	"name":"福田", 
					 	"totalValue":4, 
					 	"item":[1,0,0.9,0.5,0,2,0,0,0,0,0,0,0,0]
					 }
					]
				},{ 
					"name":"南寧", "totalValue":21, "item":[0,0,0,0,0.1,0,1,20,0,0.2,0,0,0,0]
				},
				{ 
					"name":"佛山", "totalValue":12, "item":[0,0,0,0,0.1,0,4,0,0,0,8,0,0,0]
				},
				{ 
					"name":"惠州", "totalValue":4, "item":[2,2,0,0,2,0,0,0,0,0.1,0,0,0,0]
				},
				{
				 	"name":"中山", "totalValue":2, "item":[2,0,2,0,0,0,0,0,0,0,0,0,0,0]
				},
				{ 
					"name":"東莞", "totalValue":0.3, "item":[0,0,0,0,0,0,0,0.3,0,0,0,0,0,0]
				},
				{ 
				"name":"增城", "totalValue":0.1, "item":[0,0,0,0,0,0,0,0,0,0,0.1,0,0,0]
				}
			]
	  	},
	  	{ 
			"name":"華北",
			"totalValue":230, 
			"totalItem":[159,143,16,0.3,12,0.02,29,11,0.1,0.4,0,16,2,0], 
			"data":[
				{ 
					"name":"廊坊", "totalValue":41, "item":[41,28,13,0,0.3,0,0,0,0,0.03,0,0,0,0]
				},
				{ 
					"name":"天津", "totalValue":12, "item":[0.04,0.01,0.03,0,0.4,0,0,11,0,0.1,0,0.01,0,0]
				},
				{ 
					"name":"煙台", "totalValue":32, "item":[1,0.7,0,0.3,1,0.02,29,0.01,0.1,0.06,0,0.01,0,0]
				},
				{ 
					"name":"太原", "totalValue":91, "item":[89,89,0,0,2,0,0.01,0,0,0.2,0,0,0,0]
				},
				{ 
					"name":"晉城", "totalValue":35, "item":[25,25,0,0,8,0,0,0,0,0.01,0,0,2,0]
				},
				{ 
					"name":"秦皇島", "totalValue":15, "item":[0,0,0,0,0.07,0,0,0,0,0.01,0,15,0,0]
				},
				{ 
					"name":"北京", "totalValue":3, "item":[3,0.4,3,0,0,0,0,0.01,0,0.01,0,0.1,0,0]
				},
				{ 
					"name":"菏澤", "totalValue":1, "item":[0,0,0,0,0,0,0,0,0,0,0,1,0,0]
				}
				]
		},
		{ 
			"name":"華東", 
			"totalValue":81, 
			"totalItem":[0.5,0.06,0.4,0.08,23,1,3,5,0,0.3,19,29,0,0.2], 
			"data":[
				{ 
					"name":"昆山", 
					"totalValue":31, 
					"item":[0.02,0.02,0,0.08,15,1,3,0.01,0,0.05,0,12,0,0.2]
				},
				{ 
					"name":"淮安", 
					"totalValue":18, 
					"item":[0,0,0,0,0.7,0,0,0,0,0.04,0,17,0,0]
				},
				{ 
					"name":"寧波", 
					"totalValue":11, 
					"item":[0,0,0,0,0,0,0,0,0,0,11,0,0,0]
				},
				{ 
					"name":"嘉善", 
					"totalValue":7, 
					"item":[0,0,0,0,7,0,0,0,0,0,0,0,0,0]
				},
				{ 
					"name":"上海", 
					"totalValue":6, 
					"item":[0,0,0,0,0,0,0,4,0,0.1,2,0,0,0]
				},
				{ 
					"name":"杭州", 
					"totalValue":0.9, 
					"item":[0.05,0.04,0.01,0,0,0,0,0.8,0,0.01,0,0,0,0]
				},
				{ 
					"name":"南京", 
					"totalValue":6, 
					"item":[0,0,0.4,0,0,0,0,0,0,0.05,6,0,0,0]
				},
				{ 
					"name":"安慶", 
					"totalValue":0.5, 
					"item":[0,0,0,0,0.5,0,0,0,0,0,0,0,0,0]
				},
				{ 
					"name":"無錫", 
					"totalValue":0.2,
					"item":[0,0,0,0,0.2,0,0,0,0,0,0,0,0,0]
				}
			]
		},
		{ 
			"name":"華中", 
			"totalValue":408, 
			"totalItem":[374,374,0,0.05,5,16,0.04,0.07,8,2,0,3,0,0], 
			"data":[
				{ 
					"name":"鄭州", 
					"totalValue":339, 
					"item":[333,333,0,0,1,0.1,0,0.07,0.3,2,0,3,0,0]
				},
				{ 
					"name":"武漢", 
					"totalValue":17, 
					"item":[0.01,0.01,0,0,1,16,0,0,0,0.2,0,0,0,0]
				},
				{ 
					"name":"濮陽", 
					"totalValue":0.08, 
					"item":[0,0,0,0,0,0,0,0,0,0,0,0.08,0,0]
				},
				{ 
					"name":"濟源", 
					"totalValue":31, 
					"item":[31,31,0,0,0.1,0,0,0,0,0,0,0,0,0]
				},
				{ 
					"name":"鶴壁", 
					"totalValue":6, 
					"item":[6,6,0,0,0.1,0,0,0,0,0,0,0,0,0]
				},
				{ 
					"name":"衡陽", 
					"totalValue":11, 
					"item":[0,0,0,0,3,0,0,0,8,0,0,0,0,0]
				},
				{ 
					"name":"南陽", 
					"totalValue":0.04, 
					"item":[0,0,0,0,0,0,0.04,0,0,0,0,0,0,0]
				},
				{ 
					"name":"長沙", 
					"totalValue":0.09, 
					"item":[0,0,0,0.05,0,0,0,0,0,0.04,0,0,0,0]
				},
				{ 
					"name":"蘭考", 
					"totalValue":4, 
					"item":[4,4,0,0,0.02,0,0,0,0,0,0,0,0,0]
				}
			]
		},
		{ 
			"name":"西南", 
			"totalValue":112, 
			"totalItem":[15,0.5,14,34,43,15,1,2,0.06,1,0,0.8,0,0], 
			"data":[
				{ 
					"name":"成都", 
					"totalValue":78, 
					"item":[1,0.5,0,34,42,0,0,0,0,1,0,0,0,0]
				},
				{ 
					"name":"重慶", 
					"totalValue":18, 
					"item":[0.02,0.02,0,0,0.4,15,0,2,0,0.2,0,0.8,0,0]
				},
				{ 
					"name":"貴陽", 
					"totalValue":16, 
					"item":[14,0,14,0,0.3,0,1,0.2,0.06,0.2,0,0,0,0]
				},
				{ 
					"name":"凱里", 
					"totalValue":0.2, 
					"item":[0,0,0,0,0,0,0,0.2,0,0,0,0,0,0]
				}
			]
		},
		{ 
			"name":"西北", 
			"totalValue":0.02, 
			"totalItem":[], 
			"data":[
				{ 
					"name":"西安", 
					"totalValue":0.02, 
					"item":[0,0,0,0,0,0,0,0,0.02,0,0,0,0,0]
				}
			]
		},
		{ 
			"name":"東北", 
			"totalValue":0.9, 
			"totalItem":[], 
			"data":[
				{ 
					"name":"營口", 
					"totalValue":0.9, 
					"item":[0,0,0,0,0,0,0,0,0,0,0,0.9,0,0]
				}
			]
		}
	]
}