{
	"sLoadingRecords": "加载中...",
	"sProcessing": "处理中...",
	"sInfoEmpty": "显示第 0 至 0 项结果,共 0 项",
	"sInfoFiltered": "(由  _MAX_ 项结果过滤)",
	"sInfo": "显示第 _START_ 至 _END_ 项结果,共 _TOTAL_ 项",
	"sEmptyTable": "表中没有可用的数据...",
	"sZeroRecords": "没有匹配结果!",
	"sSearchPlaceholder":"查询条件",
	"oPaginate": {
		"sFirst": "首页",
		"sLast": "末页",
		"sNext": "下一页",
		"sPrevious": "上一页"
	},
	"oAria": {
		"sSortAscending": ": 以升序排列此列",
		"sSortDescending": ": 以降序排列此列"
	}
}
