{	
	"pagesize":68,
	"pagesizeFiltered":21,
	"page":2,
	"rows":[
		{
			"id": "11",
			"name": "Rogan",
			"phone": "1-541-654-9030",
			"company": "Iaculis Incorporated",
			"zip": "6464JN",
			"city": "Carson City",
			"date": "05/30/13"
		}, {
			"id": "12",
			"name": "Candice",
			"phone": "1-153-708-6027",
			"company": "Pellentesque Company",
			"zip": "8565",
			"city": "Redruth",
			"date": "02/25/14"
		}, {
			"id": "13",
			"name": "Brittany",
			"phone": "1-987-452-6038",
			"company": "Suspendisse Inc.",
			"zip": "4031",
			"city": "Carapicuíba",
			"date": "10/13/13"
		}, {
			"id": "14",
			"name": "Baxter",
			"phone": "1-281-147-5085",
			"company": "Nulla Donec Non Associates",
			"zip": "53067",
			"city": "Yellowknife",
			"date": "08/14/14"
		}, {
			"id": "15",
			"name": "Vaughan",
			"phone": "1-940-231-1787",
			"company": "Metus Facilisis Lorem Incorporated",
			"zip": "26530-046",
			"city": "Guarapuava",
			"date": "11/17/12"
		}, {
			"id": "16",
			"name": "Ivan",
			"phone": "1-314-209-1223",
			"company": "Posuere Vulputate Inc.",
			"zip": "KX3W 1OI",
			"city": "Bienne-lez-Happart",
			"date": "03/04/14"
		}, {
			"id": "17",
			"name": "Marah",
			"phone": "1-348-582-4041",
			"company": "Feugiat Ltd",
			"zip": "2128",
			"city": "Nîmes",
			"date": "11/29/12"
		}, {
			"id": "18",
			"name": "Kiara",
			"phone": "1-570-428-6681",
			"company": "Et Euismod Et Corp.",
			"zip": "70483",
			"city": "Meeuwen",
			"date": "03/28/13"
		}, {
			"id": "19",
			"name": "Brielle",
			"phone": "1-216-787-0056",
			"company": "Quis Massa Mauris Institute",
			"zip": "19913",
			"city": "Mombaruzzo",
			"date": "12/17/12"
		}, {
			"id": "20",
			"name": "Kennedy",
			"phone": "1-997-154-9340",
			"company": "Quis Diam Pellentesque Institute",
			"zip": "3092FI",
			"city": "Edmundston",
			"date": "02/26/13"
		}
	]
}
