{
	"pagesize":100,
	"pagesizeFiltered":45,
	"page":3,
	"rows":[
		{
			"id": "21",
			"name": "Peter",
			"phone": "1-394-459-3833",
			"company": "Mauris Eu Turpis Corporation",
			"zip": "27337",
			"city": "Ravenstein",
			"date": "06/05/14"
		}, {
			"id": "22",
			"name": "Kibo",
			"phone": "1-162-467-7160",
			"company": "Massa LLP",
			"zip": "30305",
			"city": "Witney",
			"date": "08/20/14"
		}, {
			"id": "23",
			"name": "Tanek",
			"phone": "1-806-556-1897",
			"company": "Pharetra Nam Industries",
			"zip": "84972",
			"city": "Abbotsford",
			"date": "05/03/14"
		}, {
			"id": "24",
			"name": "Guinevere",
			"phone": "1-850-940-6176",
			"company": "Montes Nascetur Limited",
			"zip": "54983",
			"city": "Rio Grande",
			"date": "02/24/14"
		}, {
			"id": "25",
			"name": "Ronan",
			"phone": "1-168-544-4394",
			"company": "Nunc Inc.",
			"zip": "12167",
			"city": "Pinkafeld",
			"date": "01/02/13"
		}, {
			"id": "26",
			"name": "Kasper",
			"phone": "1-153-221-5650",
			"company": "Rutrum Limited",
			"zip": "M9N 0N6",
			"city": "Saint-G?ry",
			"date": "04/03/14"
		}, {
			"id": "27",
			"name": "Otto",
			"phone": "1-894-944-5767",
			"company": "Purus Maecenas Libero LLC",
			"zip": "74552-602",
			"city": "Jauche",
			"date": "11/17/13"
		}, {
			"id": "28",
			"name": "Brenda",
			"phone": "1-783-562-8563",
			"company": "Sit Consulting",
			"zip": "15632",
			"city": "Llandrindod Wells",
			"date": "08/13/14"
		}, {
			"id": "29",
			"name": "Laith",
			"phone": "1-482-317-8464",
			"company": "Tellus Limited",
			"zip": "P8L 2V5",
			"city": "Codó",
			"date": "11/02/13"
		}, {
			"id": "30",
			"name": "Ella",
			"phone": "1-275-839-6518",
			"company": "Tincidunt Inc.",
			"zip": "V8L 7Y0",
			"city": "Lummen",
			"date": "09/29/13"
		}
	]
}
