{
	"pagesize":150,
	"pagesizeFiltered":100,
	"page":1,
	"rows":[
		{
			"id": "1",
			"name": "Jennifer",
			"phone": "1-342-463-8341",
			"company": "Et Rutrum Non Associates",
			"zip": "35728",
			"city": "Fogo",
			"date": "03/04/14"
		}, {
			"id": "2",
			"name": "Clark",
			"phone": "1-516-859-1120",
			"company": "Nam Ac Inc.",
			"zip": "7162",
			"city": "Machelen",
			"date": "03/23/13"
		}, {
			"id": "3",
			"name": "Brendan",
			"phone": "1-724-406-2487",
			"company": "Enim Commodo Limited",
			"zip": "98611",
			"city": "Norman",
			"date": "02/13/14"
		}, {
			"id": "4",
			"name": "Warren",
			"phone": "1-412-485-9725",
			"company": "Odio Etiam Institute",
			"zip": "10312",
			"city": "Sautin",
			"date": "01/01/13"
		}, {
			"id": "9",
			"name": "Fritz",
			"phone": "1-598-234-7837",
			"company": "Et Ultrices Posuere Institute",
			"zip": "2324",
			"city": "Monte San Pietrangeli",
			"date": "12/29/12"
		}, {
			"id": "10",
			"name": "Cassady",
			"phone": "1-212-965-8381",
			"company": "Vitae Erat Vel Company",
			"zip": "5898",
			"city": "Huntly",
			"date": "10/07/13"
		}, {
			"id": "30",
			"name": "Ella",
			"phone": "1-275-839-6518",
			"company": "Tincidunt Inc.",
			"zip": "V8L 7Y0",
			"city": "Lummen",
			"date": "09/29/13"
		}, {
			"id": "31",
			"name": "Hanae",
			"phone": "1-339-661-4197",
			"company": "Nunc Incorporated",
			"zip": "47931",
			"city": "South Burlington",
			"date": "05/19/14"
		}, {
			"id": "32",
			"name": "Donna",
			"phone": "1-236-575-1365",
			"company": "Ultricies Sem Incorporated",
			"zip": "78685",
			"city": "Baranello",
			"date": "02/19/13"
		}, {
			"id": "33",
			"name": "Bevis",
			"phone": "1-955-717-0835",
			"company": "Est Ac Inc.",
			"zip": "7424",
			"city": "Ichtegem",
			"date": "08/15/13"
		}, {
			"id": "36",
			"name": "Alana",
			"phone": "1-586-261-7830",
			"company": "Nullam Industries",
			"zip": "6044",
			"city": "Bacabal",
			"date": "03/04/13"
		}, {
			"id": "37",
			"name": "Rowan",
			"phone": "1-782-168-2387",
			"company": "Aliquet Consulting",
			"zip": "33000",
			"city": "Papasidero",
			"date": "02/06/14"
		}, {
			"id": "42",
			"name": "May",
			"phone": "1-462-220-8205",
			"company": "Suspendisse Dui LLP",
			"zip": "4765",
			"city": "Mold",
			"date": "06/15/13"
		}, {
			"id": "43",
			"name": "Alan",
			"phone": "1-478-769-3709",
			"company": "Suspendisse Inc.",
			"zip": "7354AC",
			"city": "Norfolk",
			"date": "03/09/14"
		}, {
			"id": "44",
			"name": "Anastasia",
			"phone": "1-589-358-5285",
			"company": "Mus Proin Institute",
			"zip": "33244",
			"city": "Montbliart",
			"date": "06/18/14"
		}, {
			"id": "45",
			"name": "Yardley",
			"phone": "1-422-907-2926",
			"company": "Urna Et LLP",
			"zip": "88531",
			"city": "Évreux",
			"date": "05/23/14"
		}
	]
}
