{
	"name": "龍華",
	"totalValue": 156308,
	"totalItem": [
		100,
		39743,
		25.4,
		116565,
		74.6
	],
	"data": [
		{
			"name": "A",
			"totalValue": 52531,
			"totalItem": [
				100,
				7866,
				15,
				44665,
				85
			],
			"data": [
				{
					"name": "CAA",
					"totalValue": 0,
					"totalItem": [],
					"data": [
						{
							"name": "iMEBG",
							"totalValue": 16515,
							"item": [
								10.6,
								2856,
								17.3,
								13659,
								82.7
							]
						}, {
							"name": "iPEBG",
							"totalValue": 13938,
							"item": [
								8.9,
								883,
								6.3,
								13055,
								93.7
							]
						}, {
							"name": "iDPBG",
							"totalValue": 10048,
							"item": [
								6.4,
								526,
								5.2,
								9522,
								94.8
							]
						}, {
							"name": "自動化設備",
							"totalValue": 1071,
							"item": [
								0.7,
								1042,
								97.3,
								29,
								2.7
							]
						}, {
							"name": "ST產品處",
							"totalValue": 840,
							"item": [
								0.5,
								656,
								78.1,
								184,
								21.9
							]
						}, {
							"name": "CAA周邊",
							"totalValue": 209,
							"item": [
								0.1,
								132,
								63.2,
								77,
								36.8
							]
						}, {
							"name": "自動化機器人",
							"totalValue": 54,
							"item": [
								0,
								52,
								96.3,
								2,
								3.7
							]
						}
					]
				}, {
					"name": "ACKN",
					"totalValue": 0,
					"totalItem": [],
					"data": [
						{
							"name": "ACKN",
							"totalValue": 9856,
							"item": [
								6.3,
								1719,
								17.4,
								8137,
								82.6
							]
						}
					]
				}
			]
		}, {
			"name": "B",
			"totalValue": 0,
			"totalItem": [],
			"data": [
				{
					"name": "iDSBG",
					"totalValue": 23473,
					"item": [
						15,
						3891,
						16.6,
						19582,
						83.4
					]
				}
			]
		}, {
			"name": "C",
			"totalValue": 33878,
			"totalItem": [
				100,
				9422,
				27.8,
				24456,
				72.2
			],
			"data": [
				{
					"name": "SHZBG",
					"totalValue": 14735,
					"item": [
						9.4,
						6341,
						43,
						8394,
						57
					]
				}, {
					"name": "業成",
					"totalValue": 11246,
					"item": [
						7.2,
						1389,
						12.4,
						9857,
						87.6
					]
				}, {
					"name": "i-VSOR",
					"totalValue": 7897,
					"item": [
						5.1,
						1692,
						21.4,
						6205,
						78.6
					]
				}
			]
		}, {
			"name": "D",
			"totalValue": 0,
			"totalItem": [],
			"data": [
				{
					"name": "New PCEBG",
					"totalValue": 5733,
					"item": [
						3.7,
						2033,
						35.5,
						3700,
						64.5
					]
				}
			]
		}, {
			"name": "E",
			"totalValue": 0,
			"totalItem": [],
			"data": [
				{
					"name": "CCPBG",
					"totalValue": 938,
					"item": [
						0.6,
						359,
						38.3,
						579,
						61.7
					]
				}
			]
		}, {
			"name": "FG",
			"totalValue": 27060,
			"totalItem": [
				100,
				8780,
				32.4,
				18280,
				67.6
			],
			"data": [
				{
					"name": "CNSBG",
					"totalValue": 23409,
					"item": [
						15,
						7511,
						32.1,
						15898,
						67.9
					]
				}, {
					"name": "CESBG",
					"totalValue": 3651,
					"item": [
						2.3,
						1269,
						34.8,
						2382,
						65.2
					]
				}
			]
		}, {
			"name": "H",
			"totalValue": 2411,
			"totalItem": [
				100,
				1534,
				63.6,
				877,
				36.4
			],
			"data": [
				{
					"name": "EISBG",
					"totalValue": 1463,
					"item": [
						0.9,
						647,
						44.2,
						816,
						55.8
					]
				}, {
					"name": "富連網",
					"totalValue": 878,
					"item": [
						0.6,
						827,
						94.2,
						51,
						5.8
					]
				}, {
					"name": "電子商務",
					"totalValue": 70,
					"item": [
						0,
						60,
						85.7,
						10,
						14.3
					]
				}
			]
		}, {
			"name": "J",
			"totalValue": 4513,
			"totalItem": [
				100,
				3964,
				87.8,
				549,
				12.2
			],
			"data": [
				{
					"name": "總部周邊",
					"totalValue": 3058,
					"item": [
						2,
						2902,
						94.9,
						156,
						5.1
					]
				}, {
					"name": "準時達",
					"totalValue": 1441,
					"item": [
						0.9,
						1049,
						72.8,
						392,
						27.2
					]
				}, {
					"name": "南京軟件(NKG)",
					"totalValue": 14,
					"item": [
						0,
						13,
						92.9,
						1,
						7.1
					]
				}
			]
		}, {
			"name": "K",
			"totalValue": 5499,
			"totalItem": [
				100,
				1629,
				29.6,
				3870,
				70.4
			],
			"data": [
				{
					"name": "深超光電(CTC)",
					"totalValue": 5292,
					"item": [
						3.4,
						1431,
						27,
						3861,
						73
					]
				}, {
					"name": "群創光電",
					"totalValue": 207,
					"item": [
						0.1,
						198,
						95.7,
						9,
						4.3
					]
				}
			]
		}, {
			"name": "L",
			"totalValue": 272,
			"totalItem": [
				100,
				265,
				97.4,
				7,
				2.6
			],
			"data": [
				{
					"name": "FIT",
					"totalValue": 196,
					"item": [
						0.1,
						196,
						100,
						0,
						0
					]
				}, {
					"name": "正一特殊材料",
					"totalValue": 76,
					"item": [
						0,
						69,
						90.8,
						7,
						9.2
					]
				}
			]
		}
	]
}