[
	{
		"name": "上海",
		"value": 7
	}, {
		"name": "中山",
		"value": 1
	}, {
		"name": "佛山",
		"value": 10
	}, {
		"name": "凱里",
		"value": 12
	}, {
		"name": "北京",
		"value": 17
	}, {
		"name": "南京",
		"value": 6.5
	}, {
		"name": "南寧",
		"value": 20.3
	}, {
		"name": "南陽",
		"value": 2
	}, {
		"name": "嘉善",
		"value": 3
	}, {
		"name": "增城",
		"value": 4
	}, {
		"name": "天津",
		"value": 1
	}, {
		"name": "太原",
		"value": 8
	}, {
		"name": "安慶",
		"value": 15
	}, {
		"name": "寧波",
		"value": 10
	}, {
		"name": "廊坊",
		"value": 4
	}, {
		"name": "惠州",
		"value": 40
	}, {
		"name": "成都",
		"value": 7
	}, {
		"name": "昆山",
		"value": 3
	}, {
		"name": "晉城",
		"value": 30
	}, {
		"name": "杭州",
		"value": 90
	}, {
		"name": "東莞",
		"value": 20
	}, {
		"name": "武漢",
		"value": 17.2
	}, {
		"name": "淮安",
		"value": 17.7
	}, {
		"name": "深圳",
		"value": 305.2
	}, {
		"name": "濟源",
		"value": 20
	}, {
		"name": "濮陽",
		"value": 10
	}, {
		"name": "無錫",
		"value": 2
	}, {
		"name": "煙台",
		"value": 3
	}, {
		"name": "營口",
		"value": 10
	}, {
		"name": "秦皇島",
		"value": 1
	}, {
		"name": "菏澤",
		"value": 1.0
	}, {
		"name": "蘭考",
		"value": 4.0
	}, {
		"name": "衡陽",
		"value": 9.0
	}, {
		"name": "西安",
		"value": 0.0
	}, {
		"name": "貴陽",
		"value": 1
	}, {
		"name": "鄭州",
		"value": 29
	}, {
		"name": "重慶",
		"value": 11
	}, {
		"name": "長沙",
		"value": 20
	}, {
		"name": "鶴壁",
		"value": 8
	}
]